model,dataset,k,cliff_del,cliff_keep,n_traces
Qwen3-8B,gsm1k,1,0.4336,0.2812,4
Qwen3-8B,gsm1k,2,0.6776,0.4800,4
Qwen3-8B,gsm1k,4,0.8932,0.7215,4
Qwen3-8B,gsm1k,8,0.9869,0.9114,4
Qwen3-8B,gsm1k,16,0.9998,0.9883,4
Qwen3-8B,gsm1k,32,1.0000,0.9999,4
Qwen3-8B,gsm1k,64,1.0000,1.0000,4
Qwen3-4B,gsm1k,1,0.3828,0.3594,4
Qwen3-4B,gsm1k,2,0.6009,0.5810,4
Qwen3-4B,gsm1k,4,0.8081,0.8061,4
Qwen3-4B,gsm1k,8,0.9346,0.9430,4
Qwen3-4B,gsm1k,16,0.9892,0.9924,4
Qwen3-4B,gsm1k,32,0.9999,1.0000,4
Qwen3-4B,gsm1k,64,1.0000,1.0000,4
Qwen3-0.6B,gsm1k,1,0.6250,0.3758,20
Qwen3-0.6B,gsm1k,2,0.8274,0.5734,20
Qwen3-0.6B,gsm1k,4,0.9557,0.7732,20
Qwen3-0.6B,gsm1k,8,0.9964,0.9251,20
Qwen3-0.6B,gsm1k,16,1.0000,0.9916,20
Qwen3-0.6B,gsm1k,32,1.0000,1.0000,20
Qwen3-0.6B,gsm1k,64,1.0000,1.0000,20
Llama-3.1-8B-Instruct,gsm1k,1,0.5990,0.2344,21
Llama-3.1-8B-Instruct,gsm1k,2,0.7617,0.3717,21
Llama-3.1-8B-Instruct,gsm1k,4,0.8816,0.5169,21
Llama-3.1-8B-Instruct,gsm1k,8,0.9585,0.6345,21
Llama-3.1-8B-Instruct,gsm1k,16,0.9943,0.7203,21
Llama-3.1-8B-Instruct,gsm1k,32,0.9999,0.7907,21
Llama-3.1-8B-Instruct,gsm1k,64,1.0000,0.8571,21
Llama-3.2-3B-Instruct,gsm1k,1,0.5875,0.3156,20
Llama-3.2-3B-Instruct,gsm1k,2,0.7775,0.4583,20
Llama-3.2-3B-Instruct,gsm1k,4,0.9173,0.5888,20
Llama-3.2-3B-Instruct,gsm1k,8,0.9825,0.7026,20
Llama-3.2-3B-Instruct,gsm1k,16,0.9983,0.8090,20
Llama-3.2-3B-Instruct,gsm1k,32,1.0000,0.9027,20
Llama-3.2-3B-Instruct,gsm1k,64,1.0000,0.9500,20
Llama-3.2-1B-Instruct,gsm1k,1,0.5186,0.1966,31
Llama-3.2-1B-Instruct,gsm1k,2,0.7109,0.3106,31
Llama-3.2-1B-Instruct,gsm1k,4,0.8704,0.4350,31
Llama-3.2-1B-Instruct,gsm1k,8,0.9646,0.5507,31
Llama-3.2-1B-Instruct,gsm1k,16,0.9965,0.6548,31
Llama-3.2-1B-Instruct,gsm1k,32,1.0000,0.7442,31
Llama-3.2-1B-Instruct,gsm1k,64,1.0000,0.8065,31
gemma-3-4b-it,gsm1k,1,0.6699,0.4883,8
gemma-3-4b-it,gsm1k,2,0.8741,0.6594,8
gemma-3-4b-it,gsm1k,4,0.9761,0.7443,8
gemma-3-4b-it,gsm1k,8,0.9985,0.7652,8
gemma-3-4b-it,gsm1k,16,1.0000,0.7812,8
gemma-3-4b-it,gsm1k,32,1.0000,0.8125,8
gemma-3-4b-it,gsm1k,64,1.0000,0.8750,8
Qwen3-8B,math500,1,0.4531,0.3368,9
Qwen3-8B,math500,2,0.6894,0.5171,9
Qwen3-8B,math500,4,0.8891,0.6810,9
Qwen3-8B,math500,8,0.9809,0.7835,9
Qwen3-8B,math500,16,0.9991,0.8400,9
Qwen3-8B,math500,32,1.0000,0.8757,9
Qwen3-8B,math500,64,1.0000,0.8889,9
Qwen3-4B,math500,1,0.5799,0.4271,9
Qwen3-4B,math500,2,0.8052,0.6425,9
Qwen3-4B,math500,4,0.9484,0.8224,9
Qwen3-4B,math500,8,0.9952,0.9213,9
Qwen3-4B,math500,16,1.0000,0.9727,9
Qwen3-4B,math500,32,1.0000,0.9971,9
Qwen3-4B,math500,64,1.0000,1.0000,9
Qwen3-0.6B,math500,1,0.4412,0.3080,21
Qwen3-0.6B,math500,2,0.6418,0.4581,21
Qwen3-0.6B,math500,4,0.8213,0.6006,21
Qwen3-0.6B,math500,8,0.9314,0.7063,21
Qwen3-0.6B,math500,16,0.9794,0.7632,21
Qwen3-0.6B,math500,32,0.9972,0.7855,21
Qwen3-0.6B,math500,64,1.0000,0.8095,21
Llama-3.1-8B-Instruct,math500,1,0.5382,0.2708,27
Llama-3.1-8B-Instruct,math500,2,0.7336,0.4055,27
Llama-3.1-8B-Instruct,math500,4,0.8737,0.5367,27
Llama-3.1-8B-Instruct,math500,8,0.9456,0.6533,27
Llama-3.1-8B-Instruct,math500,16,0.9795,0.7554,27
Llama-3.1-8B-Instruct,math500,32,0.9969,0.8219,27
Llama-3.1-8B-Instruct,math500,64,1.0000,0.8519,27
Llama-3.2-3B-Instruct,math500,1,0.4717,0.1473,21
Llama-3.2-3B-Instruct,math500,2,0.6330,0.2386,21
Llama-3.2-3B-Instruct,math500,4,0.7997,0.3472,21
Llama-3.2-3B-Instruct,math500,8,0.9298,0.4529,21
Llama-3.2-3B-Instruct,math500,16,0.9890,0.5335,21
Llama-3.2-3B-Instruct,math500,32,0.9997,0.5922,21
Llama-3.2-3B-Instruct,math500,64,1.0000,0.6667,21
Llama-3.2-1B-Instruct,math500,1,0.4304,0.2315,22
Llama-3.2-1B-Instruct,math500,2,0.6178,0.3670,22
Llama-3.2-1B-Instruct,math500,4,0.7935,0.5144,22
Llama-3.2-1B-Instruct,math500,8,0.9121,0.6403,22
Llama-3.2-1B-Instruct,math500,16,0.9708,0.7276,22
Llama-3.2-1B-Instruct,math500,32,0.9943,0.7851,22
Llama-3.2-1B-Instruct,math500,64,1.0000,0.8182,22
gemma-3-4b-it,math500,1,0.4799,0.3929,14
gemma-3-4b-it,math500,2,0.6881,0.5754,14
gemma-3-4b-it,math500,4,0.8578,0.7540,14
gemma-3-4b-it,math500,8,0.9567,0.8946,14
gemma-3-4b-it,math500,16,0.9942,0.9761,14
gemma-3-4b-it,math500,32,0.9999,0.9992,14
gemma-3-4b-it,math500,64,1.0000,1.0000,14
Qwen3-8B,aime25,1,0.2240,0.1146,3
Qwen3-8B,aime25,2,0.3963,0.2095,3
Qwen3-8B,aime25,4,0.6318,0.3532,3
Qwen3-8B,aime25,8,0.8581,0.5193,3
Qwen3-8B,aime25,16,0.9770,0.6349,3
Qwen3-8B,aime25,32,0.9997,0.6659,3
Qwen3-8B,aime25,64,1.0000,0.6667,3
Qwen3-4B,aime25,1,0.4648,0.3516,4
Qwen3-4B,aime25,2,0.6523,0.5375,4
Qwen3-4B,aime25,4,0.8304,0.6886,4
Qwen3-4B,aime25,8,0.9504,0.7446,4
Qwen3-4B,aime25,16,0.9946,0.7500,4
Qwen3-4B,aime25,32,1.0000,0.7500,4
Qwen3-4B,aime25,64,1.0000,0.7500,4
Qwen3-0.6B,aime25,1,0.4375,0.3750,1
Qwen3-0.6B,aime25,2,0.6875,0.6131,1
Qwen3-0.6B,aime25,4,0.9073,0.8562,1
Qwen3-0.6B,aime25,8,0.9932,0.9826,1
Qwen3-0.6B,aime25,16,1.0000,0.9999,1
Qwen3-0.6B,aime25,32,1.0000,1.0000,1
Qwen3-0.6B,aime25,64,1.0000,1.0000,1
Llama-3.2-3B-Instruct,aime25,1,0.2500,0.2344,1
Llama-3.2-3B-Instruct,aime25,2,0.4405,0.4167,1
Llama-3.2-3B-Instruct,aime25,4,0.6938,0.6665,1
Llama-3.2-3B-Instruct,aime25,8,0.9147,0.8981,1
Llama-3.2-3B-Instruct,aime25,16,0.9954,0.9931,1
Llama-3.2-3B-Instruct,aime25,32,1.0000,1.0000,1
Llama-3.2-3B-Instruct,aime25,64,1.0000,1.0000,1
gemma-3-4b-it,aime25,1,0.3672,0.1641,2
gemma-3-4b-it,aime25,2,0.5759,0.3033,2
gemma-3-4b-it,aime25,4,0.7818,0.5207,2
gemma-3-4b-it,aime25,8,0.9274,0.7823,2
gemma-3-4b-it,aime25,16,0.9927,0.9632,2
gemma-3-4b-it,aime25,32,1.0000,0.9997,2
gemma-3-4b-it,aime25,64,1.0000,1.0000,2
