model_source,model_eval,dataset,data_idx,cliff_position,taxonomy_type,cliff_token_id,cliff_token_str,source_rank,source_prob,source_logprob,eval_rank,eval_prob,eval_logprob,delta_rank,delta_prob
Llama-3.2-1B-Instruct,Llama-3.1-8B-Instruct,gsm1k,GSM1K_209_path_0,169,SS,972,18,2,0.28446354429491555,-1.2571501731872559,4,0.007981043653887318,-4.830686092376709,2,-0.27648250064102825
Llama-3.2-1B-Instruct,Llama-3.1-8B-Instruct,gsm1k,GSM1K_209_path_0,169,SS,17,2,3,0.25103819673849886,-1.3821501731872559,1,0.9224833648485756,-0.08068593591451645,-2,0.6714451681100768
Llama-3.2-1B-Instruct,Llama-3.1-8B-Instruct,gsm1k,GSM1K_209_path_0,169,SS,605,10,4,0.018185145978053475,-4.007150173187256,7,0.0037699780780623042,-5.580686092376709,3,-0.014415167899991171
Llama-3.2-1B-Instruct,Llama-3.1-8B-Instruct,gsm1k,GSM1K_209_path_0,169,SS,16,1,5,0.006689941340027414,-5.007150173187256,6,0.004840747672587601,-5.330686092376709,1,-0.0018491936674398125
Llama-3.2-1B-Instruct,Llama-3.1-8B-Instruct,gsm1k,GSM1K_209_path_0,169,SS,19,4,5,0.006689941340027414,-5.007150173187256,3,0.014910552542465073,-4.205686092376709,-2,0.00822061120243766
Llama-3.2-1B-Instruct,Llama-3.1-8B-Instruct,gsm1k,GSM1K_209_path_0,169,SS,20,5,7,0.004057654534405646,-5.507150173187256,18,0.0006551239573466167,-7.330686092376709,11,-0.00340253057705903
Llama-3.2-1B-Instruct,Llama-3.1-8B-Instruct,gsm1k,GSM1K_209_path_0,169,SS,24,9,7,0.004057654534405646,-5.507150173187256,21,0.0,-1000000000.0,14,-0.004057654534405646
Llama-3.2-1B-Instruct,Llama-3.1-8B-Instruct,gsm1k,GSM1K_209_path_0,169,SS,18,3,9,0.0035808675583713216,-5.632150173187256,19,0.0005781448631673518,-7.455686092376709,10,-0.0030027226952039697
Llama-3.2-1B-Instruct,Llama-3.1-8B-Instruct,gsm1k,GSM1K_209_path_0,169,SS,15,0,10,0.0016914820643699955,-6.382150173187256,16,0.0007423526988343362,-7.205686092376709,6,-0.0009491293655356593
Llama-3.2-1B-Instruct,Llama-3.1-8B-Instruct,gsm1k,GSM1K_209_path_0,169,SS,21,6,10,0.0016914820643699955,-6.382150173187256,15,0.0010801168034226104,-6.830686092376709,5,-0.000611365260947385
Llama-3.2-1B-Instruct,Llama-3.1-8B-Instruct,gsm1k,GSM1K_209_path_0,169,SS,22,7,12,0.0009053851060889343,-7.007150173187256,21,0.0,-1000000000.0,9,-0.0009053851060889343
Llama-3.2-1B-Instruct,Llama-3.1-8B-Instruct,gsm1k,GSM1K_209_path_0,169,SS,717,12,12,0.0009053851060889343,-7.007150173187256,19,0.0005781448631673518,-7.455686092376709,7,-0.0003272402429215825
Llama-3.2-1B-Instruct,Llama-3.1-8B-Instruct,gsm1k,GSM1K_209_path_0,169,SS,508,20,14,0.000705114629603249,-7.257150173187256,9,0.002017923851548906,-6.205686092376709,-5,0.001312809221945657
Llama-3.2-1B-Instruct,Llama-3.1-8B-Instruct,gsm1k,GSM1K_209_path_0,169,SS,777,19,15,0.00033307240805160575,-8.007150650024414,21,0.0,-1000000000.0,6,-0.00033307240805160575
Llama-3.2-1B-Instruct,Llama-3.1-8B-Instruct,gsm1k,GSM1K_209_path_0,169,SS,806,11,16,0.0002020186273876159,-8.507150650024414,21,0.0,-1000000000.0,5,-0.0002020186273876159
Llama-3.2-1B-Instruct,Llama-3.1-8B-Instruct,gsm1k,GSM1K_209_path_0,169,SS,1114,17,17,0.00017828081293396253,-8.632150650024414,21,0.0,-1000000000.0,4,-0.00017828081293396253
Llama-3.2-1B-Instruct,Llama-3.1-8B-Instruct,gsm1k,GSM1K_209_path_0,169,SS,868,15,18,0.00012253049134365135,-9.007150650024414,21,0.0,-1000000000.0,3,-0.00012253049134365135
Llama-3.2-1B-Instruct,Llama-3.1-8B-Instruct,gsm1k,GSM1K_209_path_0,169,SS,975,14,19,0.00010813277908294089,-9.132150650024414,8,0.0022866072907892954,-6.080686092376709,-11,0.0021784745117063545
Llama-3.2-1B-Instruct,Llama-3.1-8B-Instruct,gsm1k,GSM1K_209_path_0,169,SS,845,16,20,9.542684260855966e-05,-9.257150650024414,5,0.006215643047374509,-5.080686092376709,-15,0.006120216204765949
Llama-3.2-1B-Instruct,Llama-3.1-8B-Instruct,gsm1k,GSM1K_704_path_0,71,SS,4320, answer,2,0.308088327319783,-1.1773687601089478,3,0.05652030327087391,-2.873155355453491,1,-0.25156802404890904
Llama-3.2-1B-Instruct,Llama-3.1-8B-Instruct,gsm1k,GSM1K_704_path_0,71,SS,2860, total,3,0.11333937519695175,-2.177368640899658,1,0.6885581916926478,-0.3731554448604584,-2,0.575218816495696
Llama-3.2-1B-Instruct,Llama-3.1-8B-Instruct,gsm1k,GSM1K_704_path_0,71,SS,4495, correct,4,0.0009805777287161571,-6.927368640899658,5,0.0004889963201017216,-7.62315559387207,1,-0.0004915814086144355
Llama-3.2-1B-Instruct,Llama-3.1-8B-Instruct,gsm1k,GSM1K_704_path_0,71,SS,1121, result,6,0.0002809400890087436,-8.177369117736816,7,4.013926226264139e-05,-10.12315559387207,1,-0.00024080082674610221
Llama-3.2-1B-Instruct,Llama-3.1-8B-Instruct,gsm1k,GSM1K_704_path_0,71,SS,6693, morning,7,0.0001703987775261992,-8.677369117736816,8,2.1484998858399828e-05,-10.74815559387207,1,-0.00014891377866779938
Llama-3.2-1B-Instruct,Llama-3.1-8B-Instruct,gsm1k,GSM1K_704_path_0,71,SS,892, time,8,0.00013270670137181405,-8.927369117736816,4,0.000806218634245797,-7.12315559387207,-4,0.0006735119328739829
Llama-3.2-1B-Instruct,Llama-3.1-8B-Instruct,gsm1k,GSM1K_704_path_0,71,SS,3488, question,9,0.00011711325291284478,-9.052369117736816,21,0.0,-1000000000.0,12,-0.00011711325291284478
Llama-3.2-1B-Instruct,Llama-3.1-8B-Instruct,gsm1k,GSM1K_704_path_0,71,SS,3575, problem,11,6.268620705263509e-05,-9.677369117736816,21,0.0,-1000000000.0,10,-6.268620705263509e-05
Llama-3.2-1B-Instruct,Llama-3.1-8B-Instruct,gsm1k,GSM1K_704_path_0,71,SS,11503, answers,12,4.3083558035347126e-05,-10.052369117736816,21,0.0,-1000000000.0,9,-4.3083558035347126e-05
Llama-3.2-1B-Instruct,Llama-3.1-8B-Instruct,gsm1k,GSM1K_704_path_0,71,SS,8244, overall,14,2.613149887794662e-05,-10.552369117736816,13,7.425016924589835e-06,-11.81065559387207,-1,-1.8706481953356788e-05
Llama-3.2-1B-Instruct,Llama-3.1-8B-Instruct,gsm1k,GSM1K_704_path_0,71,SS,126427,答案,14,2.613149887794662e-05,-10.552369117736816,21,0.0,-1000000000.0,7,-2.613149887794662e-05
Llama-3.2-1B-Instruct,Llama-3.1-8B-Instruct,gsm1k,GSM1K_704_path_0,71,SS,5224, statement,16,1.7959899017551032e-05,-10.927369117736816,21,0.0,-1000000000.0,5,-1.7959899017551032e-05
Llama-3.2-1B-Instruct,Llama-3.1-8B-Instruct,gsm1k,GSM1K_704_path_0,71,SS,2694, sum,17,1.39871834187521e-05,-11.177369117736816,21,0.0,-1000000000.0,4,-1.39871834187521e-05
Llama-3.2-1B-Instruct,Llama-3.1-8B-Instruct,gsm1k,GSM1K_704_path_0,71,SS,13239, resulting,17,1.39871834187521e-05,-11.177369117736816,21,0.0,-1000000000.0,4,-1.39871834187521e-05
Llama-3.2-1B-Instruct,Llama-3.1-8B-Instruct,gsm1k,GSM1K_704_path_0,71,SS,5578, average,20,1.234364604293134e-05,-11.302369117736816,21,0.0,-1000000000.0,1,-1.234364604293134e-05
Llama-3.2-1B-Instruct,Llama-3.1-8B-Instruct,gsm1k,GSM1K_704_path_0,73,AG,220, ,1,0.4968618986154409,-0.6994431614875793,4,0.006214170188671515,-5.080923080444336,3,-0.49064772842676935
Llama-3.2-1B-Instruct,Llama-3.1-8B-Instruct,gsm1k,GSM1K_704_path_0,73,AG,11,",",7,0.0015814022266537793,-6.449443340301514,12,0.00016560202622258575,-8.705923080444336,5,-0.0014158002004311936
Llama-3.2-1B-Instruct,Llama-3.1-8B-Instruct,gsm1k,GSM1K_704_path_0,73,AG,430, that,7,0.0015814022266537793,-6.449443340301514,21,0.0,-1000000000.0,14,-0.0015814022266537793
Llama-3.2-1B-Instruct,Llama-3.1-8B-Instruct,gsm1k,GSM1K_704_path_0,73,AG,3146, **,9,0.0010868807958353136,-6.824443340301514,21,0.0,-1000000000.0,12,-0.0010868807958353136
Llama-3.2-1B-Instruct,Llama-3.1-8B-Instruct,gsm1k,GSM1K_704_path_0,73,AG,9093, therefore,9,0.0010868807958353136,-6.824443340301514,6,0.0012236426618552707,-6.705923080444336,-3,0.00013676186601995714
Llama-3.2-1B-Instruct,Llama-3.1-8B-Instruct,gsm1k,GSM1K_704_path_0,73,AG,320, (,12,0.00045307932370169333,-7.699443340301514,21,0.0,-1000000000.0,9,-0.00045307932370169333
Llama-3.2-1B-Instruct,Llama-3.1-8B-Instruct,gsm1k,GSM1K_704_path_0,73,AG,74764, boxed,13,0.00039984109979186765,-7.824443340301514,14,0.0001372889017681978,-8.893423080444336,1,-0.0002625521980236698
Llama-3.2-1B-Instruct,Llama-3.1-8B-Instruct,gsm1k,GSM1K_704_path_0,73,AG,13489, approximately,14,0.00027480663214492413,-8.199442863464355,21,0.0,-1000000000.0,7,-0.00027480663214492413
Llama-3.2-1B-Instruct,Llama-3.1-8B-Instruct,gsm1k,GSM1K_704_path_0,73,AG,482, -,16,0.0001888716520138609,-8.574442863464355,21,0.0,-1000000000.0,5,-0.0001888716520138609
Llama-3.2-1B-Instruct,Llama-3.1-8B-Instruct,gsm1k,GSM1K_704_path_0,73,AG,12264, �,19,0.0001666786478882678,-8.699442863464355,16,8.326992816068793e-05,-9.393423080444336,-3,-8.340871972757986e-05
Llama-3.2-1B-Instruct,Llama-3.1-8B-Instruct,math500,test/algebra/1072.json_path_0,278,DF,315, of,1,0.9999946356109105,-5.364403477869928e-06,1,0.9999855758836753,-1.4424220353248529e-05,0,-9.059727235194437e-06
Llama-3.2-1B-Instruct,Llama-3.1-8B-Instruct,math500,test/algebra/2023.json_path_0,7,AG,1505, find,1,0.8954176180467479,-0.11046505719423294,1,0.6217107759108482,-0.4752802848815918,0,-0.2737068421358997
Llama-3.2-1B-Instruct,Llama-3.1-8B-Instruct,math500,test/algebra/2023.json_path_0,7,AG,11886, solve,5,0.0009252329172247188,-6.985465049743652,5,0.0001264984172517622,-8.97528076171875,0,-0.0007987344999729566
Llama-3.2-1B-Instruct,Llama-3.1-8B-Instruct,math500,test/algebra/2023.json_path_0,7,AG,636, get,12,1.9202596575950678e-05,-10.860465049743652,11,8.086773260938836e-06,-11.72528076171875,-1,-1.1115823315011842e-05
Llama-3.2-1B-Instruct,Llama-3.1-8B-Instruct,math500,test/algebra/2023.json_path_0,7,AG,1212, start,17,1.0278409274517231e-05,-11.485465049743652,16,5.557952562256772e-06,-12.10028076171875,-1,-4.72045671226046e-06
Llama-3.2-1B-Instruct,Llama-3.1-8B-Instruct,math500,test/algebra/2023.json_path_0,32,SS,734, function,2,0.33391748665905735,-1.0968613624572754,2,0.1661938357239783,-1.794600486755371,0,-0.16772365093507904
Llama-3.2-1B-Instruct,Llama-3.1-8B-Instruct,math500,test/algebra/2023.json_path_0,32,SS,48012, denominator,4,0.006930236340058703,-4.971861362457275,3,0.08895714992066701,-2.419600486755371,-1,0.08202691358060832
Llama-3.2-1B-Instruct,Llama-3.1-8B-Instruct,math500,test/algebra/2023.json_path_0,32,SS,2728, given,5,0.0025494914719668173,-5.971861362457275,6,0.0026862731643110516,-5.919600486755371,1,0.00013678169234423434
Llama-3.2-1B-Instruct,Llama-3.1-8B-Instruct,math500,test/algebra/2023.json_path_0,32,SS,64633, numerator,6,0.0015463447444237666,-6.471861362457275,5,0.0030439462806539966,-5.794600486755371,-1,0.00149760153623023
Llama-3.2-1B-Instruct,Llama-3.1-8B-Instruct,math500,test/algebra/2023.json_path_0,32,SS,8106, domain,9,0.0003909771801548991,-7.846861362457275,17,5.575182087316411e-05,-9.794600486755371,8,-0.000335225359281735
Llama-3.2-1B-Instruct,Llama-3.1-8B-Instruct,math500,test/algebra/2023.json_path_0,32,SS,907, value,11,0.00016298361468420442,-8.721860885620117,11,0.00022050272899588893,-8.419600486755371,0,5.751911431168451e-05
Llama-3.2-1B-Instruct,Llama-3.1-8B-Instruct,math500,test/algebra/2023.json_path_0,32,SS,15150, formula,17,2.0721041308788804e-05,-10.784360885620117,21,0.0,-1000000000.0,4,-2.0721041308788804e-05
Llama-3.2-1B-Instruct,Llama-3.1-8B-Instruct,math500,test/algebra/2023.json_path_0,79,AG,2638, Set,1,0.3868009437141272,-0.9498450756072998,3,0.1538049077456505,-1.8720703125,2,-0.2329960359684767
Llama-3.2-1B-Instruct,Llama-3.1-8B-Instruct,math500,test/algebra/2023.json_path_0,79,AG,21157, Calculate,9,0.008027795561733074,-4.824845314025879,21,0.0,-1000000000.0,12,-0.008027795561733074
Llama-3.2-1B-Instruct,Llama-3.1-8B-Instruct,math500,test/algebra/2023.json_path_0,79,AG,220, ,16,0.002029744585031728,-6.199845314025879,14,0.008677079131744224,-4.7470703125,-2,0.006647334546712496
Llama-3.2-1B-Instruct,Llama-3.1-8B-Instruct,math500,test/algebra/2023.json_path_0,79,AG,38527, Analy,20,0.00045289723431853773,-7.699845314025879,19,0.002817035149584409,-5.8720703125,-1,0.0023641379152658714
Llama-3.2-1B-Instruct,Llama-3.1-8B-Instruct,math500,test/algebra/2023.json_path_0,168,AG,791,The,1,0.35486159758284297,-1.036027431488037,1,0.3210014930846233,-1.1363095045089722,0,-0.03386010449821969
Llama-3.2-1B-Instruct,Llama-3.1-8B-Instruct,math500,test/algebra/2023.json_path_0,168,AG,2170,As,6,0.015591530458493687,-4.161027431488037,21,0.0,-1000000000.0,15,-0.015591530458493687
Llama-3.2-1B-Instruct,Llama-3.1-8B-Instruct,math500,test/algebra/2023.json_path_0,168,AG,32,A,13,0.0039421562591029375,-5.536027431488037,21,0.0,-1000000000.0,8,-0.0039421562591029375
Llama-3.2-1B-Instruct,Llama-3.1-8B-Instruct,math500,test/algebra/2023.json_path_0,168,AG,8780,Any,17,0.0016433352200579236,-6.411027431488037,21,0.0,-1000000000.0,4,-0.0016433352200579236
Llama-3.2-1B-Instruct,Llama-3.1-8B-Instruct,math500,test/algebra/2023.json_path_0,168,AG,55915,Therefore,20,0.000996733195150738,-6.911027431488037,18,0.0005468644329098228,-7.511309623718262,-2,-0.0004498687622409153
Llama-3.2-1B-Instruct,Llama-3.1-8B-Instruct,math500,test/algebra/2157.json_path_0,36,AG,439, as,1,0.41240020796165333,-0.885761022567749,1,0.4278480532890182,-0.8489871621131897,0,0.015447845327364873
Llama-3.2-1B-Instruct,Llama-3.1-8B-Instruct,math500,test/algebra/2232.json_path_0,92,SS,43646, Raise,6,0.02047144425492195,-3.8887243270874023,8,0.0066548510423361145,-5.012409210205078,2,-0.013816593212585836
Llama-3.2-1B-Instruct,Llama-3.1-8B-Instruct,math500,test/algebra/2232.json_path_0,92,SS,72159, Multiply,8,0.00753102347247302,-4.888724327087402,21,0.0,-1000000000.0,13,-0.00753102347247302
Llama-3.2-1B-Instruct,Llama-3.1-8B-Instruct,math500,test/algebra/2232.json_path_0,92,SS,2758, Add,9,0.005175991690953866,-5.263724327087402,16,0.0013104178669807811,-6.637409210205078,7,-0.003865573823973085
Llama-3.2-1B-Instruct,Llama-3.1-8B-Instruct,math500,test/algebra/2232.json_path_0,92,SS,94310, Subtract,10,0.004031066382085956,-5.513724327087402,21,0.0,-1000000000.0,11,-0.004031066382085956
Llama-3.2-1B-Instruct,Llama-3.1-8B-Instruct,math500,test/algebra/224.json_path_0,237,AG,3,$,1,0.4739424623726423,-0.746669352054596,2,0.29500763920523454,-1.2207540273666382,1,-0.17893482316740777
Llama-3.2-1B-Instruct,Llama-3.1-8B-Instruct,math500,test/algebra/224.json_path_0,237,AG,13244,$.,5,0.011146059044807833,-4.496669292449951,5,0.0005025807941507181,-7.595754146575928,0,-0.010643478250657114
Llama-3.2-1B-Instruct,Llama-3.1-8B-Instruct,math500,test/algebra/224.json_path_0,237,AG,2475,.$,6,0.005265025487643683,-5.246669292449951,6,4.125436346786841e-05,-10.09575366973877,0,-0.005223771124175814
Llama-3.2-1B-Instruct,Llama-3.1-8B-Instruct,math500,test/algebra/224.json_path_0,237,AG,67526,"$

",8,4.55513740351618e-05,-9.99666976928711,9,1.9487181456841853e-05,-10.84575366973877,1,-2.606419257831995e-05
Llama-3.2-1B-Instruct,Llama-3.1-8B-Instruct,math500,test/algebra/224.json_path_0,237,AG,59,\,9,1.1517190999401133e-05,-11.37166976928711,21,0.0,-1000000000.0,12,-1.1517190999401133e-05
Llama-3.2-1B-Instruct,Llama-3.1-8B-Instruct,math500,test/algebra/224.json_path_0,237,AG,63438,"`.

",10,6.164708106865508e-06,-11.99666976928711,16,1.0993915476046131e-06,-13.72075366973877,6,-5.065316559260895e-06
Llama-3.2-1B-Instruct,Llama-3.1-8B-Instruct,math500,test/algebra/224.json_path_0,237,AG,63646,$:,11,4.801079501033496e-06,-12.24666976928711,21,0.0,-1000000000.0,10,-4.801079501033496e-06
Llama-3.2-1B-Instruct,Llama-3.1-8B-Instruct,math500,test/algebra/224.json_path_0,237,AG,15437,)$,12,4.236937788724454e-06,-12.37166976928711,13,1.5026900794717632e-06,-13.40825366973877,1,-2.734247709252691e-06
Llama-3.2-1B-Instruct,Llama-3.1-8B-Instruct,math500,test/algebra/224.json_path_0,237,AG,14415,$$,13,2.912001917094647e-06,-12.74666976928711,21,0.0,-1000000000.0,8,-2.912001917094647e-06
Llama-3.2-1B-Instruct,Llama-3.1-8B-Instruct,math500,test/algebra/224.json_path_0,237,AG,32816,}$,15,2.267869373338743e-06,-12.99666976928711,15,1.3261193406784306e-06,-13.53325366973877,0,-9.417500326603124e-07
Llama-3.2-1B-Instruct,Llama-3.1-8B-Instruct,math500,test/algebra/224.json_path_0,237,AG,382,".

",18,1.5586823059941188e-06,-13.37166976928711,20,7.098205326781982e-07,-14.15825366973877,2,-8.488617733159206e-07
Llama-3.2-1B-Instruct,Llama-3.1-8B-Instruct,math500,test/algebra/224.json_path_0,237,AG,77566,.$$,18,1.5586823059941188e-06,-13.37166976928711,21,0.0,-1000000000.0,3,-1.5586823059941188e-06
Llama-3.2-1B-Instruct,Llama-3.1-8B-Instruct,math500,test/algebra/224.json_path_0,237,AG,3677,").

",20,1.3755323071532244e-06,-13.49666976928711,21,0.0,-1000000000.0,1,-1.3755323071532244e-06
Llama-3.2-1B-Instruct,Llama-3.1-8B-Instruct,math500,test/algebra/2593.json_path_0,29,SS,61,^,5,0.025885124258560634,-3.6540868282318115,7,0.0015205926932880757,-6.488655090332031,2,-0.02436453156527256
Llama-3.2-1B-Instruct,Llama-3.1-8B-Instruct,math500,test/algebra/2593.json_path_0,29,SS,1144, \,9,0.00036923137915598854,-7.904087066650391,14,2.964683776453083e-05,-10.426155090332031,5,-0.0003395845413914577
Llama-3.2-1B-Instruct,Llama-3.1-8B-Instruct,math500,test/algebra/2593.json_path_0,29,SS,28,=,11,0.00017441255373572484,-8.65408706665039,21,0.0,-1000000000.0,10,-0.00017441255373572484
Llama-3.2-1B-Instruct,Llama-3.1-8B-Instruct,math500,test/algebra/2593.json_path_0,29,SS,871, >,16,9.335631266422923e-05,-9.27908706665039,21,0.0,-1000000000.0,5,-9.335631266422923e-05
Llama-3.2-1B-Instruct,Llama-3.1-8B-Instruct,math500,test/algebra/2593.json_path_0,29,SS,48922,^{,17,8.238665676290134e-05,-9.40408706665039,20,1.1609868481764486e-05,-11.363655090332031,3,-7.077678828113686e-05
Llama-3.2-1B-Instruct,Llama-3.1-8B-Instruct,math500,test/algebra/2593.json_path_0,29,SS,366, <,18,7.270596940756064e-05,-9.52908706665039,21,0.0,-1000000000.0,3,-7.270596940756064e-05
Llama-3.2-1B-Instruct,Llama-3.1-8B-Instruct,math500,test/algebra/2593.json_path_0,29,SS,15437,)$,18,7.270596940756064e-05,-9.52908706665039,15,2.7850626667112126e-05,-10.488655090332031,-3,-4.485534274044852e-05
Llama-3.2-1B-Instruct,Llama-3.1-8B-Instruct,math500,test/algebra/2593.json_path_0,29,SS,482, -,20,6.416279280158262e-05,-9.65408706665039,21,0.0,-1000000000.0,1,-6.416279280158262e-05
Llama-3.2-1B-Instruct,Llama-3.1-8B-Instruct,math500,test/algebra/346.json_path_0,68,SS,15437,)$,3,0.13835765266686628,-1.9779132604599,1,0.5125074130784415,-0.6684401035308838,-2,0.3741497604115752
Llama-3.2-1B-Instruct,Llama-3.1-8B-Instruct,math500,test/algebra/346.json_path_0,68,SS,8,),4,0.027244233916186703,-3.6029133796691895,4,0.042069170297281806,-3.168440103530884,0,0.014824936381095104
Llama-3.2-1B-Instruct,Llama-3.1-8B-Instruct,math500,test/algebra/346.json_path_0,68,SS,7435,)-,5,0.008844907762178047,-4.7279133796691895,5,0.012053021963763495,-4.418439865112305,0,0.0032081142015854477
Llama-3.2-1B-Instruct,Llama-3.1-8B-Instruct,math500,test/algebra/346.json_path_0,68,SS,10,+,6,0.0015370145012891313,-6.4779133796691895,16,2.1858080997099957e-05,-10.730939865112305,10,-0.0015151564202920314
Llama-3.2-1B-Instruct,Llama-3.1-8B-Instruct,math500,test/algebra/346.json_path_0,68,SS,1680,):,7,0.0011970280971960803,-6.7279133796691895,6,0.0012703791686077917,-6.668439865112305,-1,7.335107141171133e-05
Llama-3.2-1B-Instruct,Llama-3.1-8B-Instruct,math500,test/algebra/346.json_path_0,68,SS,489, +,8,0.0004989955502090799,-7.6029133796691895,21,0.0,-1000000000.0,13,-0.0004989955502090799
Llama-3.2-1B-Instruct,Llama-3.1-8B-Instruct,math500,test/algebra/346.json_path_0,68,SS,7405,)+,11,0.00014296468691765,-8.852912902832031,21,0.0,-1000000000.0,10,-0.00014296468691765
Llama-3.2-1B-Instruct,Llama-3.1-8B-Instruct,math500,test/algebra/346.json_path_0,68,SS,883, ),13,2.4843537419838302e-05,-10.602912902832031,21,0.0,-1000000000.0,8,-2.4843537419838302e-05
Llama-3.2-1B-Instruct,Llama-3.1-8B-Instruct,math500,test/algebra/346.json_path_0,68,SS,1144, \,16,2.1924344822251792e-05,-10.727912902832031,9,0.00011816366947192108,-9.043439865112305,-7,9.623932464966929e-05
Llama-3.2-1B-Instruct,Llama-3.1-8B-Instruct,math500,test/algebra/346.json_path_0,68,SS,52456,)-(,16,2.1924344822251792e-05,-10.727912902832031,21,0.0,-1000000000.0,5,-2.1924344822251792e-05
Llama-3.2-1B-Instruct,Llama-3.1-8B-Instruct,math500,test/algebra/346.json_path_0,68,SS,63646,$:,16,2.1924344822251792e-05,-10.727912902832031,17,1.5991713676259925e-05,-11.043439865112305,1,-5.9326311459918675e-06
Llama-3.2-1B-Instruct,Llama-3.1-8B-Instruct,math500,test/algebra/346.json_path_0,68,SS,3,$,20,1.506836714085002e-05,-11.102912902832031,7,0.00013389697927080715,-8.918439865112305,-13,0.00011882861212995714
Llama-3.2-1B-Instruct,Llama-3.1-8B-Instruct,math500,test/algebra/346.json_path_0,84,SS,26101,"$
",2,0.24444336470396016,-1.4087716341018677,1,0.866021758677131,-0.14384524524211884,-1,0.6215783939731709
Llama-3.2-1B-Instruct,Llama-3.1-8B-Instruct,math500,test/algebra/346.json_path_0,84,SS,3,$,3,0.0023964387090309497,-6.033771514892578,3,0.04885760071066057,-3.018845319747925,0,0.04646116200162962
Llama-3.2-1B-Instruct,Llama-3.1-8B-Instruct,math500,test/algebra/346.json_path_0,84,SS,19884,"`

",4,6.386292841757586e-05,-9.658771514892578,21,0.0,-1000000000.0,17,-6.386292841757586e-05
Llama-3.2-1B-Instruct,Llama-3.1-8B-Instruct,math500,test/algebra/346.json_path_0,84,SS,284, =,16,1.1696903352733998e-06,-13.658771514892578,21,0.0,-1000000000.0,5,-1.1696903352733998e-06
Llama-3.2-1B-Instruct,Llama-3.1-8B-Instruct,math500,test/algebra/346.json_path_0,84,SS,19327,"_

",19,8.039156269388254e-07,-14.033771514892578,21,0.0,-1000000000.0,2,-8.039156269388254e-07
Llama-3.2-1B-Instruct,Llama-3.1-8B-Instruct,math500,test/algebra/478.json_path_0,41,AG,279, the,1,0.6386886362433025,-0.44833821058273315,3,0.04930268037879332,-3.0097768306732178,2,-0.5893859558645091
Llama-3.2-1B-Instruct,Llama-3.1-8B-Instruct,math500,test/algebra/478.json_path_0,41,AG,650, V,9,6.955877296353522e-05,-9.573338508605957,21,0.0,-1000000000.0,12,-6.955877296353522e-05
Llama-3.2-1B-Instruct,Llama-3.1-8B-Instruct,math500,test/algebra/478.json_path_0,177,SS,605,10,2,0.06757854800275309,-2.694464683532715,5,6.59395643649258e-05,-9.626771926879883,3,-0.06751260843838816
Llama-3.2-1B-Instruct,Llama-3.1-8B-Instruct,math500,test/algebra/478.json_path_0,177,SS,18,3,4,0.01708653276208775,-4.069464683532715,3,0.0003794558126103796,-7.876772403717041,-1,-0.01670707694947737
Llama-3.2-1B-Instruct,Llama-3.1-8B-Instruct,math500,test/algebra/478.json_path_0,177,SS,7467,900,6,0.009145761934671617,-4.694464683532715,10,1.8892001493422493e-05,-10.876771926879883,4,-0.009126869933178194
Llama-3.2-1B-Instruct,Llama-3.1-8B-Instruct,math500,test/algebra/478.json_path_0,177,SS,1399,60,7,0.008071106579123799,-4.819464683532715,11,1.66721328015689e-05,-11.001771926879883,4,-0.00805443444632223
Llama-3.2-1B-Instruct,Llama-3.1-8B-Instruct,math500,test/algebra/478.json_path_0,177,SS,3965,150,9,0.0038125207915860326,-5.569464683532715,20,8.923949619826085e-06,-11.626771926879883,11,-0.0038035968419662066
Llama-3.2-1B-Instruct,Llama-3.1-8B-Instruct,math500,test/algebra/478.json_path_0,177,SS,4364,120,11,0.0023124107508888077,-6.069464683532715,21,0.0,-1000000000.0,10,-0.0023124107508888077
Llama-3.2-1B-Instruct,Llama-3.1-8B-Instruct,math500,test/algebra/478.json_path_0,177,SS,17,2,12,0.0020406953251626914,-6.194464683532715,21,0.0,-1000000000.0,9,-0.0020406953251626914
Llama-3.2-1B-Instruct,Llama-3.1-8B-Instruct,math500,test/algebra/478.json_path_0,177,SS,717,12,13,0.001589295117246859,-6.444464683532715,21,0.0,-1000000000.0,8,-0.001589295117246859
Llama-3.2-1B-Instruct,Llama-3.1-8B-Instruct,math500,test/algebra/478.json_path_0,177,SS,5067,600,13,0.001589295117246859,-6.444464683532715,21,0.0,-1000000000.0,8,-0.001589295117246859
Llama-3.2-1B-Instruct,Llama-3.1-8B-Instruct,math500,test/algebra/478.json_path_0,177,SS,16,1,15,0.0014025480182631746,-6.569464683532715,15,1.2984270081332315e-05,-11.251771926879883,0,-0.0013895637481818423
Llama-3.2-1B-Instruct,Llama-3.1-8B-Instruct,math500,test/algebra/478.json_path_0,177,SS,868,15,16,0.001237744281843414,-6.694464683532715,21,0.0,-1000000000.0,5,-0.001237744281843414
Llama-3.2-1B-Instruct,Llama-3.1-8B-Instruct,math500,test/algebra/478.json_path_0,177,SS,20,5,17,0.0010923054949186074,-6.819464683532715,21,0.0,-1000000000.0,4,-0.0010923054949186074
Llama-3.2-1B-Instruct,Llama-3.1-8B-Instruct,math500,test/algebra/694.json_path_0,37,DF,6437, blue,1,0.9933670203842452,-0.006655075587332249,1,0.9999320553197789,-6.794698856538162e-05,0,0.006565034935533731
Llama-3.2-1B-Instruct,Llama-3.1-8B-Instruct,math500,test/algebra/694.json_path_0,37,DF,14071, yellow,2,0.005906775387287607,-5.131655216217041,2,3.120077228045583e-05,-10.375067710876465,0,-0.005875574615007151
Llama-3.2-1B-Instruct,Llama-3.1-8B-Instruct,math500,test/algebra/694.json_path_0,37,DF,19087, orange,15,7.836997731295912e-06,-11.756654739379883,10,5.714620781384562e-07,-14.375067710876465,-5,-7.265535653157456e-06
Llama-3.2-1B-Instruct,Llama-3.1-8B-Instruct,math500,test/counting_and_probability/1009.json_path_0,50,SS,11,",",3,0.1586395359566164,-1.841120719909668,4,0.0006921019130924206,-7.275777339935303,1,-0.157947434043524
Llama-3.2-1B-Instruct,Llama-3.1-8B-Instruct,math500,test/counting_and_probability/1009.json_path_0,50,SS,74,k,5,0.007898197422518271,-4.841120719909668,21,0.0,-1000000000.0,16,-0.007898197422518271
Llama-3.2-1B-Instruct,Llama-3.1-8B-Instruct,math500,test/counting_and_probability/1009.json_path_0,50,SS,16262,",r",6,0.003292458529370556,-5.716120719909668,21,0.0,-1000000000.0,15,-0.003292458529370556
Llama-3.2-1B-Instruct,Llama-3.1-8B-Instruct,math500,test/counting_and_probability/1009.json_path_0,50,SS,26,;,7,0.0029055844540577477,-5.841120719909668,21,0.0,-1000000000.0,14,-0.0029055844540577477
Llama-3.2-1B-Instruct,Llama-3.1-8B-Instruct,math500,test/counting_and_probability/1009.json_path_0,50,SS,16539,",k",8,0.0014610196159616923,-6.528620719909668,14,7.222735034864811e-06,-11.838276863098145,6,-0.0014537968809268274
Llama-3.2-1B-Instruct,Llama-3.1-8B-Instruct,math500,test/counting_and_probability/1009.json_path_0,50,SS,86408,;r,9,0.0006090435878997098,-7.403620719909668,21,0.0,-1000000000.0,12,-0.0006090435878997098
Llama-3.2-1B-Instruct,Llama-3.1-8B-Instruct,math500,test/counting_and_probability/1009.json_path_0,50,SS,43566,*k,10,0.0005374790798605026,-7.528620719909668,21,0.0,-1000000000.0,11,-0.0005374790798605026
Llama-3.2-1B-Instruct,Llama-3.1-8B-Instruct,math500,test/counting_and_probability/1009.json_path_0,50,SS,38993,*r,11,0.0005049148686099235,-7.591120719909668,21,0.0,-1000000000.0,10,-0.0005049148686099235
Llama-3.2-1B-Instruct,Llama-3.1-8B-Instruct,math500,test/counting_and_probability/1009.json_path_0,50,SS,436, r,13,0.0004185891282798576,-7.778620719909668,21,0.0,-1000000000.0,8,-0.0004185891282798576
Llama-3.2-1B-Instruct,Llama-3.1-8B-Instruct,math500,test/counting_and_probability/1009.json_path_0,50,SS,12934,-k,14,0.00039322809505780394,-7.841120719909668,11,5.013571833392332e-05,-9.900776863098145,-3,-0.00034309237672388063
Llama-3.2-1B-Instruct,Llama-3.1-8B-Instruct,math500,test/counting_and_probability/1009.json_path_0,50,SS,39434,+n,14,0.00039322809505780394,-7.841120719909668,21,0.0,-1000000000.0,7,-0.00039322809505780394
Llama-3.2-1B-Instruct,Llama-3.1-8B-Instruct,math500,test/counting_and_probability/1009.json_path_0,50,SS,16,1,16,0.0003694036091625602,-7.903620719909668,21,0.0,-1000000000.0,5,-0.0003694036091625602
Llama-3.2-1B-Instruct,Llama-3.1-8B-Instruct,math500,test/counting_and_probability/1009.json_path_0,50,SS,597, k,17,0.0003470225758977528,-7.966120719909668,9,6.437553662465513e-05,-9.650776863098145,-8,-0.0002826470392730977
Llama-3.2-1B-Instruct,Llama-3.1-8B-Instruct,math500,test/counting_and_probability/1009.json_path_0,50,SS,25800, ×,18,0.00030624634835669455,-8.091120719909668,21,0.0,-1000000000.0,3,-0.00030624634835669455
Llama-3.2-1B-Instruct,Llama-3.1-8B-Instruct,math500,test/counting_and_probability/1009.json_path_0,50,SS,81,r,19,0.00028769182008520506,-8.153620719909668,21,0.0,-1000000000.0,2,-0.00028769182008520506
Llama-3.2-1B-Instruct,Llama-3.1-8B-Instruct,math500,test/counting_and_probability/1060.json_path_0,35,SS,21,6,2,0.16774316725785604,-1.7853212356567383,3,1.3006230891403943e-05,-11.250082015991211,1,-0.16773016102696464
Llama-3.2-1B-Instruct,Llama-3.1-8B-Instruct,math500,test/counting_and_probability/1060.json_path_0,35,SS,23,8,2,0.16774316725785604,-1.7853212356567383,3,1.3006230891403943e-05,-11.250082015991211,1,-0.16773016102696464
Llama-3.2-1B-Instruct,Llama-3.1-8B-Instruct,math500,test/counting_and_probability/1060.json_path_0,35,SS,24,9,4,0.00034470511841409266,-7.972821235656738,21,0.0,-1000000000.0,17,-0.00034470511841409266
Llama-3.2-1B-Instruct,Llama-3.1-8B-Instruct,math500,test/counting_and_probability/1060.json_path_0,35,SS,15,0,6,4.382433787499979e-05,-10.035321235656738,21,0.0,-1000000000.0,15,-4.382433787499979e-05
Llama-3.2-1B-Instruct,Llama-3.1-8B-Instruct,math500,test/counting_and_probability/1060.json_path_0,35,SS,18,3,8,4.1169155468926156e-05,-10.097821235656738,7,3.2884901615257806e-06,-12.625082015991211,-1,-3.7880665307400375e-05
Llama-3.2-1B-Instruct,Llama-3.1-8B-Instruct,math500,test/counting_and_probability/1060.json_path_0,35,SS,20,5,8,4.1169155468926156e-05,-10.097821235656738,9,1.0029328343412112e-06,-13.812582015991211,1,-4.016622263458494e-05
Llama-3.2-1B-Instruct,Llama-3.1-8B-Instruct,math500,test/counting_and_probability/1060.json_path_0,35,SS,1227,64,10,2.3457477694871275e-05,-10.660321235656738,21,0.0,-1000000000.0,11,-2.3457477694871275e-05
Llama-3.2-1B-Instruct,Llama-3.1-8B-Instruct,math500,test/counting_and_probability/1060.json_path_0,35,SS,508,20,11,1.2555883020409148e-05,-11.285321235656738,21,0.0,-1000000000.0,10,-1.2555883020409148e-05
Llama-3.2-1B-Instruct,Llama-3.1-8B-Instruct,math500,test/counting_and_probability/1060.json_path_0,35,SS,1187,24,12,1.1795160524530273e-05,-11.347821235656738,21,0.0,-1000000000.0,9,-1.1795160524530273e-05
Llama-3.2-1B-Instruct,Llama-3.1-8B-Instruct,math500,test/counting_and_probability/1060.json_path_0,35,SS,19,4,13,9.7785315284476e-06,-11.535321235656738,5,4.494833121950183e-06,-12.312582015991211,-8,-5.283698406497418e-06
Llama-3.2-1B-Instruct,Llama-3.1-8B-Instruct,math500,test/counting_and_probability/1060.json_path_0,35,SS,605,10,14,8.106687370128157e-06,-11.722821235656738,11,1.4448617394818655e-07,-15.750082015991211,-3,-7.96220119617997e-06
Llama-3.2-1B-Instruct,Llama-3.1-8B-Instruct,math500,test/counting_and_probability/1060.json_path_0,35,SS,806,11,15,6.720679881821535e-06,-11.910321235656738,21,0.0,-1000000000.0,6,-6.720679881821535e-06
Llama-3.2-1B-Instruct,Llama-3.1-8B-Instruct,math500,test/counting_and_probability/1060.json_path_0,35,SS,5926,192,16,5.571639315999264e-06,-12.097821235656738,21,0.0,-1000000000.0,5,-5.571639315999264e-06
Llama-3.2-1B-Instruct,Llama-3.1-8B-Instruct,math500,test/counting_and_probability/1060.json_path_0,35,SS,1758,35,17,5.234070754734848e-06,-12.160321235656738,21,0.0,-1000000000.0,4,-5.234070754734848e-06
Llama-3.2-1B-Instruct,Llama-3.1-8B-Instruct,math500,test/counting_and_probability/1060.json_path_0,35,SS,843,32,19,4.076298402438639e-06,-12.410321235656738,21,0.0,-1000000000.0,2,-4.076298402438639e-06
Llama-3.2-1B-Instruct,Llama-3.1-8B-Instruct,math500,test/counting_and_probability/1060.json_path_0,35,SS,7529,191,20,3.82932796717656e-06,-12.472821235656738,21,0.0,-1000000000.0,1,-3.82932796717656e-06
Llama-3.2-1B-Instruct,Llama-3.1-8B-Instruct,math500,test/counting_and_probability/230.json_path_0,162,SS,2684, There,2,0.22302934540915592,-1.500451922416687,4,0.043677983590523176,-3.130911111831665,2,-0.17935136181863276
Llama-3.2-1B-Instruct,Llama-3.1-8B-Instruct,math500,test/counting_and_probability/230.json_path_0,162,SS,1226, We,4,0.049764567626545325,-3.0004520416259766,6,0.012513954799424526,-4.380910873413086,2,-0.0372506128271208
Llama-3.2-1B-Instruct,Llama-3.1-8B-Instruct,math500,test/counting_and_probability/230.json_path_0,162,SS,77795, Firstly,5,0.038756684236763386,-3.2504520416259766,5,0.038545685229777485,-3.255911111831665,0,-0.00021099900698590135
Llama-3.2-1B-Instruct,Llama-3.1-8B-Instruct,math500,test/counting_and_probability/230.json_path_0,162,SS,763, In,8,0.011103975944228425,-4.500452041625977,10,0.0019190771233646815,-6.255910873413086,2,-0.009184898820863744
Llama-3.2-1B-Instruct,Llama-3.1-8B-Instruct,math500,test/counting_and_probability/230.json_path_0,162,SS,3861, One,8,0.011103975944228425,-4.500452041625977,7,0.011043526349575774,-4.505910873413086,-1,-6.044959465265065e-05
Llama-3.2-1B-Instruct,Llama-3.1-8B-Instruct,math500,test/counting_and_probability/230.json_path_0,162,SS,1789, For,10,0.0036049331877815193,-5.625452041625977,8,0.004062686302044034,-5.505910873413086,-2,0.0004577531142625148
Llama-3.2-1B-Instruct,Llama-3.1-8B-Instruct,math500,test/counting_and_probability/230.json_path_0,162,SS,3277, When,13,0.0010328306506599018,-6.875452041625977,21,0.0,-1000000000.0,8,-0.0010328306506599018
Llama-3.2-1B-Instruct,Llama-3.1-8B-Instruct,math500,test/counting_and_probability/230.json_path_0,162,SS,362, A,14,0.0009114698501017956,-7.000452041625977,14,0.0003778886912077852,-7.880910873413086,0,-0.0005335811588940105
Llama-3.2-1B-Instruct,Llama-3.1-8B-Instruct,math500,test/counting_and_probability/230.json_path_0,162,SS,2057, To,17,0.0007098534330052545,-7.250452041625977,21,0.0,-1000000000.0,4,-0.0007098534330052545
Llama-3.2-1B-Instruct,Llama-3.1-8B-Instruct,math500,test/counting_and_probability/230.json_path_0,162,SS,2435, They,20,0.0004305478710199546,-7.750452041625977,21,0.0,-1000000000.0,1,-0.0004305478710199546
Llama-3.2-1B-Instruct,Llama-3.1-8B-Instruct,math500,test/counting_and_probability/230.json_path_0,164,SS,1403, two,2,0.28300371729015444,-1.2622952461242676,5,0.0069977487682116495,-4.962166786193848,3,-0.2760059685219428
Llama-3.2-1B-Instruct,Llama-3.1-8B-Instruct,math500,test/counting_and_probability/230.json_path_0,164,SS,3116, four,4,0.04340002568202315,-3.1372952461242676,12,0.0010731395303382365,-6.837166786193848,8,-0.04232688615168491
Llama-3.2-1B-Instruct,Llama-3.1-8B-Instruct,math500,test/counting_and_probability/230.json_path_0,164,SS,4848, six,6,0.010973244951358348,-4.512295246124268,9,0.0022718364035537644,-6.087166786193848,3,-0.008701408547804584
Llama-3.2-1B-Instruct,Llama-3.1-8B-Instruct,math500,test/counting_and_probability/230.json_path_0,164,SS,59060, $\,8,0.004574329052850237,-5.387295246124268,3,0.021554578521328322,-3.8371670246124268,-5,0.016980249468478086
Llama-3.2-1B-Instruct,Llama-3.1-8B-Instruct,math500,test/counting_and_probability/230.json_path_0,164,SS,3654, ${,14,0.0014850672135168124,-6.512295246124268,6,0.0037456250020899717,-5.587166786193848,-8,0.0022605577885731593
Llama-3.2-1B-Instruct,Llama-3.1-8B-Instruct,math500,test/counting_and_probability/230.json_path_0,164,SS,4330, five,15,0.0010206707741340886,-6.887295246124268,21,0.0,-1000000000.0,6,-0.0010206707741340886
Llama-3.2-1B-Instruct,Llama-3.1-8B-Instruct,math500,test/counting_and_probability/230.json_path_0,164,SS,8254, seven,16,0.000619068117984953,-7.387295246124268,21,0.0,-1000000000.0,5,-0.000619068117984953
Llama-3.2-1B-Instruct,Llama-3.1-8B-Instruct,math500,test/counting_and_probability/230.json_path_0,164,SS,15638, parallel,17,0.00048213073506122233,-7.637295246124268,21,0.0,-1000000000.0,4,-0.00048213073506122233
Llama-3.2-1B-Instruct,Llama-3.1-8B-Instruct,math500,test/counting_and_probability/230.json_path_0,164,SS,912, no,20,0.00029242721224454767,-8.13729476928711,14,0.0007851256524359126,-7.149666786193848,-6,0.0004926984401913649
Llama-3.2-1B-Instruct,Llama-3.1-8B-Instruct,math500,test/geometry/106.json_path_0,167,SS,323, and,2,0.037309902899204404,-3.288496494293213,2,0.000379913138960535,-7.87556791305542,0,-0.03692998976024387
Llama-3.2-1B-Instruct,Llama-3.1-8B-Instruct,math500,test/geometry/106.json_path_0,167,SS,477, or,3,0.0001957843085779904,-8.538496971130371,7,5.711760306823829e-07,-14.375568389892578,4,-0.00019521313254730803
Llama-3.2-1B-Instruct,Llama-3.1-8B-Instruct,math500,test/geometry/106.json_path_0,167,SS,5585,"...

",6,1.607095470020532e-05,-11.038496971130371,10,2.6980445262173324e-07,-15.125568389892578,4,-1.5801150247583584e-05
Llama-3.2-1B-Instruct,Llama-3.1-8B-Instruct,math500,test/geometry/106.json_path_0,167,SS,719, but,7,4.604405611731642e-06,-12.288496971130371,13,1.4441591673109314e-07,-15.750568389892578,6,-4.459989695000549e-06
Llama-3.2-1B-Instruct,Llama-3.1-8B-Instruct,math500,test/geometry/106.json_path_0,167,SS,320, (,8,1.6938661633704896e-06,-13.288496971130371,5,8.846547421744538e-07,-13.938068389892578,-3,-8.092114211960359e-07
Llama-3.2-1B-Instruct,Llama-3.1-8B-Instruct,math500,test/geometry/106.json_path_0,167,SS,4815," 

",9,1.4948316425673093e-06,-13.413496971130371,21,0.0,-1000000000.0,12,-1.4948316425673093e-06
Llama-3.2-1B-Instruct,Llama-3.1-8B-Instruct,math500,test/geometry/106.json_path_0,167,SS,12515,"...
",14,4.853007810448117e-07,-14.538496971130371,11,1.7419884725890606e-07,-15.563068389892578,-3,-3.111019337859056e-07
Llama-3.2-1B-Instruct,Llama-3.1-8B-Instruct,math500,test/geometry/106.json_path_0,167,SS,439, as,16,4.5589789310707855e-07,-14.600996971130371,21,0.0,-1000000000.0,5,-4.5589789310707855e-07
Llama-3.2-1B-Instruct,Llama-3.1-8B-Instruct,math500,test/geometry/106.json_path_0,167,SS,366, <,17,4.023284785618398e-07,-14.725996971130371,21,0.0,-1000000000.0,4,-4.023284785618398e-07
Llama-3.2-1B-Instruct,Llama-3.1-8B-Instruct,math500,test/geometry/106.json_path_0,167,SS,5099, etc,20,2.597627893234276e-07,-15.163496971130371,21,0.0,-1000000000.0,1,-2.597627893234276e-07
Llama-3.2-1B-Instruct,Llama-3.1-8B-Instruct,math500,test/geometry/106.json_path_0,197,SS,320, (,2,0.28723508539964693,-1.247454285621643,2,0.00850388686965382,-4.7672319412231445,0,-0.2787311985299931
Llama-3.2-1B-Instruct,Llama-3.1-8B-Instruct,math500,test/geometry/106.json_path_0,197,SS,865, x,3,0.011137314225519567,-4.4974541664123535,4,0.00022662090892676,-8.392231941223145,1,-0.010910693316592807
Llama-3.2-1B-Instruct,Llama-3.1-8B-Instruct,math500,test/geometry/106.json_path_0,197,SS,31884, xy,15,4.016740776666532e-05,-10.122454643249512,21,0.0,-1000000000.0,6,-4.016740776666532e-05
Llama-3.2-1B-Instruct,Llama-3.1-8B-Instruct,math500,test/geometry/106.json_path_0,198,AG,87,x,1,0.5270395510236822,-0.6404796838760376,11,0.0041877181446609065,-5.47559928894043,10,-0.5228518328790213
Llama-3.2-1B-Instruct,Llama-3.1-8B-Instruct,math500,test/geometry/106.json_path_0,198,AG,18,3,7,0.0016774515619670494,-6.390479564666748,21,0.0,-1000000000.0,14,-0.0016774515619670494
Llama-3.2-1B-Instruct,Llama-3.1-8B-Instruct,math500,test/geometry/106.json_path_0,198,AG,605,10,17,0.0004241261749097894,-7.765479564666748,21,0.0,-1000000000.0,4,-0.0004241261749097894
Llama-3.2-1B-Instruct,Llama-3.1-8B-Instruct,math500,test/geometry/106.json_path_0,198,AG,24,9,19,0.00033030963963687616,-8.015480041503906,21,0.0,-1000000000.0,2,-0.00033030963963687616
Llama-3.2-1B-Instruct,Llama-3.1-8B-Instruct,math500,test/geometry/178.json_path_0,184,SS,12834,Since,2,0.2192970613224461,-1.5173280239105225,2,0.08419723788091281,-2.474593162536621,0,-0.13509982344153332
Llama-3.2-1B-Instruct,Llama-3.1-8B-Instruct,math500,test/geometry/178.json_path_0,184,SS,16834,Using,4,0.0914166158924366,-2.3923280239105225,4,0.010055926039976503,-4.599593162536621,0,-0.0813606898524601
Llama-3.2-1B-Instruct,Llama-3.1-8B-Instruct,math500,test/geometry/178.json_path_0,184,SS,2028,This,12,0.001150765089812134,-6.767328262329102,11,0.0017474579230127355,-6.349593162536621,-1,0.0005966928332006014
Llama-3.2-1B-Instruct,Llama-3.1-8B-Instruct,math500,test/geometry/178.json_path_0,184,SS,59836,$\,14,0.001015546627361692,-6.892328262329102,21,0.0,-1000000000.0,7,-0.001015546627361692
Llama-3.2-1B-Instruct,Llama-3.1-8B-Instruct,math500,test/geometry/178.json_path_0,184,SS,3214,Sub,16,0.0008962167530769255,-7.017328262329102,21,0.0,-1000000000.0,5,-0.0008962167530769255
Llama-3.2-1B-Instruct,Llama-3.1-8B-Instruct,math500,test/geometry/178.json_path_0,184,SS,8672,Express,17,0.0004797102595146063,-7.642328262329102,21,0.0,-1000000000.0,4,-0.0004797102595146063
Llama-3.2-1B-Instruct,Llama-3.1-8B-Instruct,math500,test/geometry/178.json_path_0,236,SS,18622, rewrite,2,0.3326611087603882,-1.1006309986114502,1,0.3232221591769205,-1.1294153928756714,-1,-0.009438949583467693
Llama-3.2-1B-Instruct,Llama-3.1-8B-Instruct,math500,test/geometry/178.json_path_0,609,SS,220, ,2,0.11919518244437793,-2.12699294090271,2,0.26891492476050627,-1.3133602142333984,0,0.14971974231612833
Llama-3.2-1B-Instruct,Llama-3.1-8B-Instruct,math500,test/geometry/178.json_path_0,609,SS,482, -,4,2.1402706342678696e-05,-10.751993179321289,4,1.5676305111125598e-05,-11.063360214233398,0,-5.726401231553098e-06
Llama-3.2-1B-Instruct,Llama-3.1-8B-Instruct,math500,test/geometry/178.json_path_0,609,SS,98255, \|,10,5.033434083979118e-07,-14.501993179321289,21,0.0,-1000000000.0,11,-5.033434083979118e-07
Llama-3.2-1B-Instruct,Llama-3.1-8B-Instruct,math500,test/geometry/178.json_path_0,609,SS,18240, \(,11,4.4419899884753014e-07,-14.626993179321289,21,0.0,-1000000000.0,10,-4.4419899884753014e-07
Llama-3.2-1B-Instruct,Llama-3.1-8B-Instruct,math500,test/geometry/178.json_path_0,609,SS,31629,-\,20,8.216855264423918e-08,-16.31449317932129,21,0.0,-1000000000.0,1,-8.216855264423918e-08
Llama-3.2-1B-Instruct,Llama-3.1-8B-Instruct,math500,test/geometry/615.json_path_0,144,SS,31023,AH,2,0.273478857935188,-1.2965309619903564,2,0.01989875632672514,-3.917098045349121,0,-0.25358010160846284
Llama-3.2-1B-Instruct,Llama-3.1-8B-Instruct,math500,test/geometry/615.json_path_0,144,SS,11855,BE,3,0.012015825293299273,-4.421530723571777,3,0.007320343357482347,-4.917098045349121,0,-0.004695481935816926
Llama-3.2-1B-Instruct,Llama-3.1-8B-Instruct,math500,test/geometry/615.json_path_0,144,SS,19694,HD,4,0.010603928603334246,-4.546530723571777,5,0.0030515731167402443,-5.792098045349121,1,-0.007552355486594001
Llama-3.2-1B-Instruct,Llama-3.1-8B-Instruct,math500,test/geometry/615.json_path_0,144,SS,98251,BH,6,0.009357934147670667,-4.671530723571777,5,0.0030515731167402443,-5.792098045349121,-1,-0.006306361030930423
Llama-3.2-1B-Instruct,Llama-3.1-8B-Instruct,math500,test/geometry/615.json_path_0,144,SS,9740,BD,8,0.0050089411998688405,-5.296530723571777,4,0.0034578853566545214,-5.667098045349121,-4,-0.001551055843214319
Llama-3.2-1B-Instruct,Llama-3.1-8B-Instruct,math500,test/geometry/615.json_path_0,144,SS,52426,DH,9,0.003038076410418238,-5.796530723571777,9,0.0007715585134052338,-7.167098045349121,0,-0.002266517897013004
Llama-3.2-1B-Instruct,Llama-3.1-8B-Instruct,math500,test/geometry/615.json_path_0,144,SS,31825,HB,10,0.0011176458521008027,-6.796530723571777,10,0.0001950805426690904,-8.542098045349121,0,-0.0009225653094317123
Llama-3.2-1B-Instruct,Llama-3.1-8B-Instruct,math500,test/geometry/615.json_path_0,144,SS,46689,EH,10,0.0011176458521008027,-6.796530723571777,20,4.932408555782341e-05,-9.917098045349121,10,-0.0010683217665429794
Llama-3.2-1B-Instruct,Llama-3.1-8B-Instruct,math500,test/geometry/615.json_path_0,144,SS,5002,BC,16,0.0004659041071920481,-7.671530723571777,14,0.00011832233024218192,-9.042098045349121,-2,-0.00034758177694986617
Llama-3.2-1B-Instruct,Llama-3.1-8B-Instruct,math500,test/geometry/615.json_path_0,144,SS,8440,AF,16,0.0004659041071920481,-7.671530723571777,18,7.176612102052668e-05,-9.542098045349121,2,-0.0003941379861715214
Llama-3.2-1B-Instruct,Llama-3.1-8B-Instruct,math500,test/geometry/615.json_path_0,144,SS,2198,CH,18,0.00041115893149842376,-7.796530723571777,17,9.214952344744465e-05,-9.292098045349121,-1,-0.0003190094080509791
Llama-3.2-1B-Instruct,Llama-3.1-8B-Instruct,math500,test/geometry/615.json_path_0,144,SS,6620,CD,20,0.00022007751702218795,-8.421530723571777,21,0.0,-1000000000.0,1,-0.00022007751702218795
Llama-3.2-1B-Instruct,Llama-3.1-8B-Instruct,math500,test/geometry/615.json_path_0,164,SS,1144, \,2,0.18209913620880533,-1.7032040357589722,2,0.2222938039123518,-1.5037553310394287,0,0.04019466770354646
Llama-3.2-1B-Instruct,Llama-3.1-8B-Instruct,math500,test/geometry/615.json_path_0,164,SS,320, (,3,0.0009555684538180998,-6.953204154968262,3,0.0011664905479410327,-6.753755569458008,0,0.00021092209412293286
Llama-3.2-1B-Instruct,Llama-3.1-8B-Instruct,math500,test/geometry/615.json_path_0,164,SS,20374, (\,5,0.00014654116855333425,-8.828204154968262,11,2.136501964320962e-05,-10.753755569458008,6,-0.00012517614891012464
Llama-3.2-1B-Instruct,Llama-3.1-8B-Instruct,math500,test/geometry/615.json_path_0,164,SS,59060, $\,7,2.8855666986217207e-05,-10.453204154968262,19,4.207021808714919e-06,-12.378755569458008,12,-2.464864517750229e-05
Llama-3.2-1B-Instruct,Llama-3.1-8B-Instruct,math500,test/geometry/615.json_path_0,164,SS,865, x,9,9.368063484346292e-06,-11.578204154968262,5,7.00532024596145e-05,-9.566255569458008,-4,6.0685138975268216e-05
Llama-3.2-1B-Instruct,Llama-3.1-8B-Instruct,math500,test/geometry/615.json_path_0,164,SS,26033, \\,15,4.425159853959637e-06,-12.328204154968262,21,0.0,-1000000000.0,6,-4.425159853959637e-06
Llama-3.2-1B-Instruct,Llama-3.1-8B-Instruct,math500,test/geometry/615.json_path_0,164,SS,1954,90,19,1.7329174977548758e-06,-13.265704154968262,21,0.0,-1000000000.0,2,-1.7329174977548758e-06
Llama-3.2-1B-Instruct,Llama-3.1-8B-Instruct,math500,test/geometry/615.json_path_0,164,SS,4056, ~,19,1.7329174977548758e-06,-13.265704154968262,21,0.0,-1000000000.0,2,-1.7329174977548758e-06
Llama-3.2-1B-Instruct,Llama-3.1-8B-Instruct,math500,test/geometry/65.json_path_0,485,SS,400, $,2,0.37733097413207545,-0.9746325612068176,2,0.4069951160631959,-0.8989540934562683,0,0.029664141931120436
Llama-3.2-1B-Instruct,Llama-3.1-8B-Instruct,math500,test/geometry/65.json_path_0,485,SS,5035, $(,3,0.00020869592636133094,-8.474632263183594,4,0.00022510257033525342,-8.398954391479492,1,1.6406643973922478e-05
Llama-3.2-1B-Instruct,Llama-3.1-8B-Instruct,math500,test/geometry/65.json_path_0,485,SS,264, a,4,0.00012658047789527722,-8.974632263183594,7,1.8477544176205358e-05,-10.898954391479492,3,-0.00010810293371907187
Llama-3.2-1B-Instruct,Llama-3.1-8B-Instruct,math500,test/geometry/65.json_path_0,485,SS,459, an,8,2.824392230443799e-05,-10.474632263183594,10,4.67185480097611e-06,-12.273954391479492,2,-2.357206750346188e-05
Llama-3.2-1B-Instruct,Llama-3.1-8B-Instruct,math500,test/geometry/65.json_path_0,485,SS,1403, two,9,2.4925173950506495e-05,-10.599632263183594,8,7.702586383991827e-06,-11.773954391479492,-1,-1.7222587566514667e-05
Llama-3.2-1B-Instruct,Llama-3.1-8B-Instruct,math500,test/geometry/65.json_path_0,485,SS,1595, `,11,5.561558055303985e-06,-12.099632263183594,21,0.0,-1000000000.0,10,-5.561558055303985e-06
Llama-3.2-1B-Instruct,Llama-3.1-8B-Instruct,math500,test/geometry/65.json_path_0,485,SS,3654, ${,13,3.822399224783998e-06,-12.474632263183594,9,5.635332581840019e-06,-12.086454391479492,-4,1.8129333570560209e-06
Llama-3.2-1B-Instruct,Llama-3.1-8B-Instruct,math500,test/geometry/65.json_path_0,485,SS,279, the,14,2.627094006452965e-06,-12.849632263183594,13,3.016376167935298e-06,-12.711454391479492,-1,3.8928216148233297e-07
Llama-3.2-1B-Instruct,Llama-3.1-8B-Instruct,math500,test/geometry/65.json_path_0,485,SS,832, one,14,2.627094006452965e-06,-12.849632263183594,18,7.164521381080113e-07,-14.148954391479492,4,-1.910641868344954e-06
Llama-3.2-1B-Instruct,Llama-3.1-8B-Instruct,math500,test/geometry/65.json_path_0,485,SS,2380, three,17,1.8055735450111442e-06,-13.224632263183594,16,1.6145498165996854e-06,-13.336454391479492,-1,-1.910237284114588e-07
Llama-3.2-1B-Instruct,Llama-3.1-8B-Instruct,math500,test/geometry/65.json_path_0,485,SS,18240, \(,18,1.0951357134152875e-06,-13.724632263183594,21,0.0,-1000000000.0,3,-1.0951357134152875e-06
Llama-3.2-1B-Instruct,Llama-3.1-8B-Instruct,math500,test/geometry/65.json_path_0,485,SS,3,$,19,6.642333867326398e-07,-14.224632263183594,18,7.164521381080113e-07,-14.148954391479492,-1,5.221875137537149e-08
Llama-3.2-1B-Instruct,Llama-3.1-8B-Instruct,math500,test/geometry/65.json_path_0,485,SS,2500, another,20,5.861839063848302e-07,-14.349632263183594,21,0.0,-1000000000.0,1,-5.861839063848302e-07
Llama-3.2-1B-Instruct,Llama-3.1-8B-Instruct,math500,test/geometry/795.json_path_0,63,AG,584, we,1,0.9668893221120867,-0.033671244978904724,1,0.8364338041715984,-0.17860789597034454,0,-0.13045551794048826
Llama-3.2-1B-Instruct,Llama-3.1-8B-Instruct,math500,test/geometry/795.json_path_0,146,SS,10155,TS,3,0.035345923475826484,-3.3425722122192383,6,0.002221270644945613,-6.109675884246826,3,-0.03312465283088087
Llama-3.2-1B-Instruct,Llama-3.1-8B-Instruct,math500,test/geometry/795.json_path_0,146,SS,20,5,8,0.006142200507292032,-5.092572212219238,21,0.0,-1000000000.0,13,-0.006142200507292032
Llama-3.2-1B-Instruct,Llama-3.1-8B-Instruct,math500,test/geometry/795.json_path_0,146,SS,21,6,13,0.0005041825201887769,-7.592572212219238,21,0.0,-1000000000.0,8,-0.0005041825201887769
Llama-3.2-1B-Instruct,Llama-3.1-8B-Instruct,math500,test/geometry/795.json_path_0,146,SS,16,1,14,0.0004179819901140736,-7.780072212219238,21,0.0,-1000000000.0,7,-0.0004179819901140736
Llama-3.2-1B-Instruct,Llama-3.1-8B-Instruct,math500,test/geometry/795.json_path_0,146,SS,6805,STR,15,0.00039265774153393384,-7.842572212219238,21,0.0,-1000000000.0,6,-0.00039265774153393384
Llama-3.2-1B-Instruct,Llama-3.1-8B-Instruct,math500,test/geometry/795.json_path_0,192,AG,32816,}$,1,0.9186375820046325,-0.08486359566450119,1,0.5612509275424303,-0.5775871872901917,0,-0.3573866544622022
Llama-3.2-1B-Instruct,Llama-3.1-8B-Instruct,math500,test/geometry/795.json_path_0,192,AG,3,$,4,0.00021180094507006824,-8.459863662719727,6,4.760431604203114e-05,-9.952587127685547,2,-0.0001641966290280371
Llama-3.2-1B-Instruct,Llama-3.1-8B-Instruct,math500,test/geometry/795.json_path_0,192,AG,61,^,9,9.305884064918548e-06,-11.584863662719727,21,0.0,-1000000000.0,12,-9.305884064918548e-06
Llama-3.2-1B-Instruct,Llama-3.1-8B-Instruct,math500,test/geometry/795.json_path_0,192,AG,15437,)$,10,8.212413863101962e-06,-11.709863662719727,21,0.0,-1000000000.0,11,-8.212413863101962e-06
Llama-3.2-1B-Instruct,Llama-3.1-8B-Instruct,math500,test/geometry/795.json_path_0,192,AG,59,\,11,6.3958343474902695e-06,-11.959863662719727,15,2.2264834894484793e-06,-13.015087127685547,4,-4.16935085804179e-06
Llama-3.2-1B-Instruct,Llama-3.1-8B-Instruct,math500,test/geometry/795.json_path_0,192,AG,20312,}-,16,3.4234434294084656e-06,-12.584863662719727,8,1.7512649182891144e-05,-10.952587127685547,-8,1.4089205753482679e-05
Llama-3.2-1B-Instruct,Llama-3.1-8B-Instruct,math500,test/geometry/795.json_path_0,192,AG,48922,^{,19,1.8324372204791262e-06,-13.209863662719727,21,0.0,-1000000000.0,2,-1.8324372204791262e-06
Llama-3.2-1B-Instruct,Llama-3.1-8B-Instruct,math500,test/geometry/795.json_path_0,192,AG,86639,}\\,19,1.8324372204791262e-06,-13.209863662719727,21,0.0,-1000000000.0,2,-1.8324372204791262e-06
Llama-3.2-1B-Instruct,Llama-3.1-8B-Instruct,math500,test/intermediate_algebra/1151.json_path_0,97,AG,1505, find,1,0.255127902509111,-1.3659902811050415,1,0.20559605246710008,-1.5818419456481934,0,-0.04953185004201091
Llama-3.2-1B-Instruct,Llama-3.1-8B-Instruct,math500,test/intermediate_algebra/1151.json_path_0,97,AG,11294, calculate,6,0.044334586988343236,-3.115990161895752,5,0.08570518566936391,-2.4568419456481934,-1,0.04137059868102068
Llama-3.2-1B-Instruct,Llama-3.1-8B-Instruct,math500,test/intermediate_algebra/1151.json_path_0,97,AG,79164, denote,13,0.0017190384900195792,-6.365990161895752,15,0.001222518815602018,-6.706841945648193,2,-0.0004965196744175612
Llama-3.2-1B-Instruct,Llama-3.1-8B-Instruct,math500,test/intermediate_algebra/1151.json_path_0,97,AG,1005, use,14,0.0013387885221571335,-6.615990161895752,15,0.001222518815602018,-6.706841945648193,1,-0.00011626970655511564
Llama-3.2-1B-Instruct,Llama-3.1-8B-Instruct,math500,test/intermediate_algebra/1151.json_path_0,97,AG,7124, define,20,0.0002987239549110852,-8.11599063873291,18,0.00035025750492181636,-7.956841945648193,-2,5.153355001073117e-05
Llama-3.2-1B-Instruct,Llama-3.1-8B-Instruct,math500,test/intermediate_algebra/1151.json_path_0,128,DF,38520,partial,1,0.9999752050825816,-2.47952248173533e-05,1,0.9999977350285647,-2.264974000354414e-06,0,2.2529945983063016e-05
Llama-3.2-1B-Instruct,Llama-3.1-8B-Instruct,math500,test/intermediate_algebra/1151.json_path_0,128,DF,20869,delta,6,6.475791603152086e-07,-14.250024795532227,8,1.4307214629695401e-08,-18.062501907348633,2,-6.332719456855132e-07
Llama-3.2-1B-Instruct,Llama-3.1-8B-Instruct,math500,test/intermediate_algebra/1151.json_path_0,576,DF,17,2,1,0.9999988079084972,-1.1920922133867862e-06,1,0.9999893904859,-1.0609570381348021e-05,0,-9.417422597191027e-06
Llama-3.2-1B-Instruct,Llama-3.1-8B-Instruct,math500,test/intermediate_algebra/1247.json_path_0,328,SS,17,2,2,0.13926189949771736,-1.971398949623108,2,0.009604935014378755,-4.645478248596191,0,-0.1296569644833386
Llama-3.2-1B-Instruct,Llama-3.1-8B-Instruct,math500,test/intermediate_algebra/1247.json_path_0,328,SS,1227,64,3,0.039899206982313556,-3.2213988304138184,6,0.0012998866006402074,-6.645478248596191,3,-0.03859932038167335
Llama-3.2-1B-Instruct,Llama-3.1-8B-Instruct,math500,test/intermediate_algebra/1247.json_path_0,328,SS,843,32,4,0.007856619686206238,-4.846398830413818,3,0.003118265851234669,-5.770478248596191,-1,-0.004738353834971569
Llama-3.2-1B-Instruct,Llama-3.1-8B-Instruct,math500,test/intermediate_algebra/1247.json_path_0,328,SS,845,16,5,0.006118741563911634,-5.096398830413818,9,0.00022588642063164276,-8.395478248596191,4,-0.005892855143279991
Llama-3.2-1B-Instruct,Llama-3.1-8B-Instruct,math500,test/intermediate_algebra/1247.json_path_0,328,SS,4386,128,6,0.0028902888596581034,-5.846398830413818,4,0.002751859955149912,-5.895478248596191,-2,-0.00013842890450819134
Llama-3.2-1B-Instruct,Llama-3.1-8B-Instruct,math500,test/intermediate_algebra/1247.json_path_0,328,SS,4278,102,8,0.0003911580614574557,-7.846398830413818,12,3.464080454668514e-05,-10.270478248596191,4,-0.0003565172569107706
Llama-3.2-1B-Instruct,Llama-3.1-8B-Instruct,math500,test/intermediate_algebra/1247.json_path_0,328,SS,8358,512,9,0.00020937172291619557,-8.471399307250977,5,0.002143150687973593,-6.145478248596191,-4,0.0019337789650573974
Llama-3.2-1B-Instruct,Llama-3.1-8B-Instruct,math500,test/intermediate_algebra/1247.json_path_0,328,SS,4172,(-,11,0.00018476989696234274,-8.596399307250977,11,0.0001067011898247759,-9.145478248596191,0,-7.806870713756684e-05
Llama-3.2-1B-Instruct,Llama-3.1-8B-Instruct,math500,test/intermediate_algebra/1247.json_path_0,328,SS,7,(,12,0.00016305886176014233,-8.721399307250977,21,0.0,-1000000000.0,9,-0.00016305886176014233
Llama-3.2-1B-Instruct,Llama-3.1-8B-Instruct,math500,test/intermediate_algebra/1247.json_path_0,328,SS,1490,80,13,9.890019899537021e-05,-9.221399307250977,18,2.8434903935453966e-06,-12.770478248596191,5,-9.605670860182482e-05
Llama-3.2-1B-Instruct,Llama-3.1-8B-Instruct,math500,test/intermediate_algebra/1247.json_path_0,328,SS,4161,96,14,8.727911927841432e-05,-9.346399307250977,13,1.2743639818363687e-05,-11.270478248596191,-1,-7.453547946005063e-05
Llama-3.2-1B-Instruct,Llama-3.1-8B-Instruct,math500,test/intermediate_algebra/1247.json_path_0,328,SS,19,4,15,7.70235524235121e-05,-9.471399307250977,16,6.821178853708832e-06,-11.895478248596191,1,-7.020237356980327e-05
Llama-3.2-1B-Instruct,Llama-3.1-8B-Instruct,math500,test/intermediate_algebra/1247.json_path_0,328,SS,2166,48,15,7.70235524235121e-05,-9.471399307250977,21,0.0,-1000000000.0,6,-7.70235524235121e-05
Llama-3.2-1B-Instruct,Llama-3.1-8B-Instruct,math500,test/intermediate_algebra/1247.json_path_0,328,SS,5332,72,17,6.797304643981163e-05,-9.596399307250977,21,0.0,-1000000000.0,4,-6.797304643981163e-05
Llama-3.2-1B-Instruct,Llama-3.1-8B-Instruct,math500,test/intermediate_algebra/1247.json_path_0,328,SS,8929,144,18,5.2937461795074265e-05,-9.846399307250977,21,0.0,-1000000000.0,3,-5.2937461795074265e-05
Llama-3.2-1B-Instruct,Llama-3.1-8B-Instruct,math500,test/intermediate_algebra/1247.json_path_0,328,SS,6849,104,19,4.6717146064843394e-05,-9.971399307250977,21,0.0,-1000000000.0,2,-4.6717146064843394e-05
Llama-3.2-1B-Instruct,Llama-3.1-8B-Instruct,math500,test/intermediate_algebra/1247.json_path_0,342,SS,76198, Evalu,2,0.36644172047353857,-1.003915786743164,1,0.6256871313060098,-0.4689048230648041,-1,0.25924541083247127
Llama-3.2-1B-Instruct,Llama-3.1-8B-Instruct,math500,test/intermediate_algebra/1247.json_path_0,375,SS,3,$,2,0.4037395517099244,-0.9069852828979492,6,8.905526319745758e-06,-11.628838539123535,4,-0.40373064618360466
Llama-3.2-1B-Instruct,Llama-3.1-8B-Instruct,math500,test/intermediate_algebra/1247.json_path_0,375,SS,67526,"$

",3,0.005082330905821065,-5.281985282897949,8,1.7536021061961782e-06,-13.253838539123535,5,-0.005080577303714869
Llama-3.2-1B-Instruct,Llama-3.1-8B-Instruct,math500,test/intermediate_algebra/1247.json_path_0,375,SS,13244,$.,5,0.0011340213089431688,-6.781985282897949,14,2.6892359285491163e-07,-15.128838539123535,9,-0.001133752385350314
Llama-3.2-1B-Instruct,Llama-3.1-8B-Instruct,math500,test/intermediate_algebra/1247.json_path_0,375,SS,55976,"$,",6,0.00041718312541052046,-7.781985282897949,21,0.0,-1000000000.0,15,-0.00041718312541052046
Llama-3.2-1B-Instruct,Llama-3.1-8B-Instruct,math500,test/intermediate_algebra/1247.json_path_0,375,SS,2475,.$,7,0.00025303435627622127,-8.28198528289795,21,0.0,-1000000000.0,14,-0.00025303435627622127
Llama-3.2-1B-Instruct,Llama-3.1-8B-Instruct,math500,test/intermediate_algebra/1247.json_path_0,375,SS,61,^,8,9.308613758407193e-05,-9.28198528289795,5,1.885299936684638e-05,-10.878838539123535,-3,-7.423313821722555e-05
Llama-3.2-1B-Instruct,Llama-3.1-8B-Instruct,math500,test/intermediate_algebra/1247.json_path_0,375,SS,284, =,9,3.022064424352776e-05,-10.40698528289795,21,0.0,-1000000000.0,12,-3.022064424352776e-05
Llama-3.2-1B-Instruct,Llama-3.1-8B-Instruct,math500,test/intermediate_algebra/1247.json_path_0,375,SS,400, $,11,1.617594520855487e-05,-11.03198528289795,20,3.8742079858043865e-08,-17.06633949279785,9,-1.6137203128696824e-05
Llama-3.2-1B-Instruct,Llama-3.1-8B-Instruct,math500,test/intermediate_algebra/1247.json_path_0,375,SS,32816,}$,12,1.4275221542927798e-05,-11.15698528289795,21,0.0,-1000000000.0,9,-1.4275221542927798e-05
Llama-3.2-1B-Instruct,Llama-3.1-8B-Instruct,math500,test/intermediate_algebra/1247.json_path_0,375,SS,482, -,13,1.259783879534267e-05,-11.28198528289795,9,5.69311250541388e-07,-14.378838539123535,-4,-1.2028527544801282e-05
Llama-3.2-1B-Instruct,Llama-3.1-8B-Instruct,math500,test/intermediate_algebra/1247.json_path_0,375,SS,26101,"$
",14,1.1117553716149958e-05,-11.40698528289795,21,0.0,-1000000000.0,7,-1.1117553716149958e-05
Llama-3.2-1B-Instruct,Llama-3.1-8B-Instruct,math500,test/intermediate_algebra/1247.json_path_0,375,SS,15,0,16,9.216775753623033e-06,-11.59448528289795,21,0.0,-1000000000.0,5,-9.216775753623033e-06
Llama-3.2-1B-Instruct,Llama-3.1-8B-Instruct,math500,test/intermediate_algebra/1247.json_path_0,375,SS,382,".

",17,7.178032174315155e-06,-11.84448528289795,18,5.636939357790657e-08,-16.69133949279785,1,-7.121662780737249e-06
Llama-3.2-1B-Instruct,Llama-3.1-8B-Instruct,math500,test/intermediate_algebra/1247.json_path_0,375,SS,15437,)$,18,6.334591160485693e-06,-11.96948528289795,21,0.0,-1000000000.0,3,-6.334591160485693e-06
Llama-3.2-1B-Instruct,Llama-3.1-8B-Instruct,math500,test/intermediate_algebra/1247.json_path_0,375,SS,14415,$$,19,4.933384556223457e-06,-12.21948528289795,21,0.0,-1000000000.0,2,-4.933384556223457e-06
Llama-3.2-1B-Instruct,Llama-3.1-8B-Instruct,math500,test/intermediate_algebra/1247.json_path_0,375,SS,62,_,20,3.609341244937074e-06,-12.53198528289795,21,0.0,-1000000000.0,1,-3.609341244937074e-06
Llama-3.2-1B-Instruct,Llama-3.1-8B-Instruct,math500,test/intermediate_algebra/128.json_path_0,133,SS,10535, odd,2,0.23199970975715803,-1.4610191583633423,2,0.3915586430272762,-0.9376199841499329,0,0.1595589332701182
Llama-3.2-1B-Instruct,Llama-3.1-8B-Instruct,math500,test/intermediate_algebra/128.json_path_0,133,SS,14188, neither,7,0.014831247013374354,-4.211019039154053,6,0.00205471081623317,-6.187620162963867,-1,-0.012776536197141183
Llama-3.2-1B-Instruct,Llama-3.1-8B-Instruct,math500,test/intermediate_algebra/128.json_path_0,133,SS,400, $,12,0.0022744453940049683,-6.086019039154053,9,0.000970576665143739,-6.937620162963867,-3,-0.0013038687288612293
Llama-3.2-1B-Instruct,Llama-3.1-8B-Instruct,math500,test/intermediate_algebra/128.json_path_0,133,SS,73462, alternating,18,0.0010743719301638058,-6.836019039154053,21,0.0,-1000000000.0,3,-0.0010743719301638058
Llama-3.2-1B-Instruct,Llama-3.1-8B-Instruct,math500,test/intermediate_algebra/446.json_path_0,146,SS,7645, expression,2,0.3205465608766423,-1.1377277374267578,2,0.3775149702389604,-0.9741450548171997,0,0.05696840936231812
Llama-3.2-1B-Instruct,Llama-3.1-8B-Instruct,math500,test/intermediate_algebra/446.json_path_0,146,SS,28790, exponent,5,3.0808259528452515e-05,-10.387727737426758,11,4.5674301455563336e-07,-14.59914493560791,6,-3.035151651389688e-05
Llama-3.2-1B-Instruct,Llama-3.1-8B-Instruct,math500,test/intermediate_algebra/446.json_path_0,146,SS,1396, number,7,1.6490473005383288e-05,-11.012727737426758,16,2.4447691843711825e-07,-15.22414493560791,9,-1.624599608694617e-05
Llama-3.2-1B-Instruct,Llama-3.1-8B-Instruct,math500,test/intermediate_algebra/446.json_path_0,146,SS,24282, expressions,9,1.0647049596024651e-05,-11.450227737426758,5,7.144662842368172e-06,-11.84914493560791,-4,-3.5023867536564787e-06
Llama-3.2-1B-Instruct,Llama-3.1-8B-Instruct,math500,test/intermediate_algebra/446.json_path_0,146,SS,19983, fraction,12,8.291930562784084e-06,-11.700227737426758,5,7.144662842368172e-06,-11.84914493560791,-7,-1.1472677204159116e-06
Llama-3.2-1B-Instruct,Llama-3.1-8B-Instruct,math500,test/intermediate_algebra/446.json_path_0,146,SS,3237, express,16,4.724599618535787e-06,-12.262727737426758,21,0.0,-1000000000.0,5,-4.724599618535787e-06
Llama-3.2-1B-Instruct,Llama-3.1-8B-Instruct,math500,test/number_theory/1287.json_path_0,142,AG,40821, simplify,1,0.5753834906875411,-0.5527185201644897,1,0.5765498962275882,-0.5506933927536011,0,0.0011664055400470996
Llama-3.2-1B-Instruct,Llama-3.1-8B-Instruct,math500,test/number_theory/1287.json_path_0,383,AG,16,1,1,0.5390158606083925,-0.6180102825164795,2,0.0675044735154603,-2.695561408996582,1,-0.47151138709293217
Llama-3.2-1B-Instruct,Llama-3.1-8B-Instruct,math500,test/number_theory/1287.json_path_0,383,AG,19,4,3,0.023682704089514763,-3.7430102825164795,5,6.155611199300072e-05,-9.695561408996582,2,-0.023621147977521764
Llama-3.2-1B-Instruct,Llama-3.1-8B-Instruct,math500,test/number_theory/1287.json_path_0,383,AG,15,0,4,0.008712377868686323,-4.743010520935059,4,8.956361446709255e-05,-9.320561408996582,0,-0.00862281425421923
Llama-3.2-1B-Instruct,Llama-3.1-8B-Instruct,math500,test/number_theory/1287.json_path_0,383,AG,18,3,5,0.007688646483262259,-4.868010520935059,3,0.00031260773100004393,-8.070561408996582,-2,-0.007376038752262215
Llama-3.2-1B-Instruct,Llama-3.1-8B-Instruct,math500,test/number_theory/1287.json_path_0,383,AG,20,5,6,0.000263091015020843,-8.243010520935059,15,2.106334322982663e-06,-13.070561408996582,9,-0.00026098468069786035
Llama-3.2-1B-Instruct,Llama-3.1-8B-Instruct,math500,test/number_theory/1287.json_path_0,383,AG,23,8,7,0.00020489548851728324,-8.493010520935059,14,2.54072417577535e-06,-12.883061408996582,7,-0.00020235476434150789
Llama-3.2-1B-Instruct,Llama-3.1-8B-Instruct,math500,test/number_theory/1287.json_path_0,383,AG,21,6,8,0.0001242753958225301,-8.993010520935059,13,3.6967318626660405e-06,-12.508061408996582,5,-0.00012057866395986407
Llama-3.2-1B-Instruct,Llama-3.1-8B-Instruct,math500,test/number_theory/1287.json_path_0,383,AG,24,9,9,0.00010967265188085739,-9.118010520935059,21,0.0,-1000000000.0,12,-0.00010967265188085739
Llama-3.2-1B-Instruct,Llama-3.1-8B-Instruct,math500,test/number_theory/1287.json_path_0,383,AG,22,7,12,5.180569249892597e-05,-9.868010520935059,21,0.0,-1000000000.0,9,-5.180569249892597e-05
Llama-3.2-1B-Instruct,Llama-3.1-8B-Instruct,math500,test/number_theory/1287.json_path_0,383,AG,605,10,13,2.4471276378078704e-05,-10.618010520935059,21,0.0,-1000000000.0,8,-2.4471276378078704e-05
Llama-3.2-1B-Instruct,Llama-3.1-8B-Instruct,math500,test/number_theory/1287.json_path_0,383,AG,717,12,14,1.1559412463885662e-05,-11.368010520935059,21,0.0,-1000000000.0,7,-1.1559412463885662e-05
Llama-3.2-1B-Instruct,Llama-3.1-8B-Instruct,math500,test/number_theory/1287.json_path_0,383,AG,806,11,15,1.0201145695076862e-05,-11.493010520935059,21,0.0,-1000000000.0,6,-1.0201145695076862e-05
Llama-3.2-1B-Instruct,Llama-3.1-8B-Instruct,math500,test/number_theory/1287.json_path_0,383,AG,777,19,16,8.457046820019359e-06,-11.680510520935059,21,0.0,-1000000000.0,5,-8.457046820019359e-06
Llama-3.2-1B-Instruct,Llama-3.1-8B-Instruct,math500,test/number_theory/1287.json_path_0,383,AG,1041,100,17,7.94466025555135e-06,-11.743010520935059,21,0.0,-1000000000.0,4,-7.94466025555135e-06
Llama-3.2-1B-Instruct,Llama-3.1-8B-Instruct,math500,test/number_theory/1287.json_path_0,383,AG,845,16,19,3.994826052741905e-06,-12.430510520935059,21,0.0,-1000000000.0,2,-3.994826052741905e-06
Llama-3.2-1B-Instruct,Llama-3.1-8B-Instruct,math500,test/number_theory/521.json_path_0,32,SS,743, set,2,0.4376372645545059,-0.8263648748397827,2,0.43737873213950945,-0.8269557952880859,0,-0.0002585324149964596
Llama-3.2-1B-Instruct,Llama-3.1-8B-Instruct,math500,test/number_theory/521.json_path_0,32,SS,1893, create,3,0.00014681099933921675,-8.826364517211914,3,0.0009567620918372681,-6.951955795288086,0,0.0008099510924980514
Llama-3.2-1B-Instruct,Llama-3.1-8B-Instruct,math500,test/number_theory/521.json_path_0,32,SS,3237, express,4,5.4008748394732046e-05,-9.826364517211914,5,1.204385730421623e-05,-11.326955795288086,1,-4.1964891090515815e-05
Llama-3.2-1B-Instruct,Llama-3.1-8B-Instruct,math500,test/number_theory/521.json_path_0,32,SS,1376, form,6,2.25141959361364e-05,-10.701364517211914,4,3.7097692194411334e-05,-10.201955795288086,-2,1.4583496258274934e-05
Llama-3.2-1B-Instruct,Llama-3.1-8B-Instruct,math500,test/number_theory/521.json_path_0,32,SS,1005, use,10,1.0634953122088514e-05,-11.451364517211914,13,3.2095792560523434e-07,-14.951955795288086,3,-1.031399519648328e-05
Llama-3.2-1B-Instruct,Llama-3.1-8B-Instruct,math500,test/number_theory/521.json_path_0,32,SS,4097, represent,11,9.385313189375485e-06,-11.576364517211914,13,3.2095792560523434e-07,-14.951955795288086,2,-9.06435526377025e-06
Llama-3.2-1B-Instruct,Llama-3.1-8B-Instruct,math500,test/number_theory/521.json_path_0,32,SS,31370, multiply,15,5.692480200361593e-06,-12.076364517211914,8,8.724540968726186e-07,-13.951955795288086,-7,-4.820026103488974e-06
Llama-3.2-1B-Instruct,Llama-3.1-8B-Instruct,math500,test/number_theory/521.json_path_0,32,SS,24524, equation,19,3.4526637713264206e-06,-12.576364517211914,21,0.0,-1000000000.0,2,-3.4526637713264206e-06
Llama-3.2-1B-Instruct,Llama-3.1-8B-Instruct,math500,test/prealgebra/1247.json_path_0,42,DF,304, in,1,0.9999765163221908,-2.3483953555114567e-05,1,0.9999998807907247,-1.1920928244535389e-07,0,2.336446853390406e-05
Llama-3.2-1B-Instruct,Llama-3.1-8B-Instruct,math500,test/prealgebra/1297.json_path_0,33,AG,279, the,1,0.9145897440203011,-0.08927968144416809,1,0.7566043561795753,-0.27891480922698975,0,-0.1579853878407258
Llama-3.2-1B-Instruct,Llama-3.1-8B-Instruct,math500,test/prealgebra/1297.json_path_0,33,AG,430, that,5,0.006162457404771473,-5.089279651641846,3,0.10239525263515177,-2.2789149284362793,-2,0.0962327952303803
Llama-3.2-1B-Instruct,Llama-3.1-8B-Instruct,math500,test/prealgebra/1297.json_path_0,33,AG,54062, factorial,9,0.0003476620566336731,-7.964279651641846,14,0.00013585608220759707,-8.903914451599121,5,-0.00021180597442607604
Llama-3.2-1B-Instruct,Llama-3.1-8B-Instruct,math500,test/prealgebra/1297.json_path_0,33,AG,8595, Why,10,0.00025435487293904406,-8.276780128479004,21,0.0,-1000000000.0,11,-0.00025435487293904406
Llama-3.2-1B-Instruct,Llama-3.1-8B-Instruct,math500,test/prealgebra/1297.json_path_0,33,AG,81118, Euler,12,0.00021086759601754348,-8.464280128479004,21,0.0,-1000000000.0,9,-0.00021086759601754348
Llama-3.2-1B-Instruct,Llama-3.1-8B-Instruct,math500,test/prealgebra/1297.json_path_0,33,AG,9959, relevant,13,0.0001980917742229552,-8.526780128479004,8,0.0012108715027334086,-6.716414928436279,-5,0.0010127797285104535
Llama-3.2-1B-Instruct,Llama-3.1-8B-Instruct,math500,test/prealgebra/1297.json_path_0,33,AG,1749, method,16,0.00012014873450309505,-9.026780128479004,6,0.0017618076406829494,-6.341414928436279,-10,0.0016416589061798543
Llama-3.2-1B-Instruct,Llama-3.1-8B-Instruct,math500,test/prealgebra/1297.json_path_0,33,AG,28033, Legend,17,0.00010603088604844029,-9.151780128479004,21,0.0,-1000000000.0,4,-0.00010603088604844029
Llama-3.2-1B-Instruct,Llama-3.1-8B-Instruct,math500,test/prealgebra/1297.json_path_0,33,AG,50209, divisor,19,7.757385338409935e-05,-9.464280128479004,21,0.0,-1000000000.0,2,-7.757385338409935e-05
Llama-3.2-1B-Instruct,Llama-3.1-8B-Instruct,math500,test/prealgebra/1297.json_path_0,33,AG,17882, Wilson,20,6.84586853330192e-05,-9.589280128479004,21,0.0,-1000000000.0,1,-6.84586853330192e-05
Llama-3.2-1B-Instruct,Llama-3.1-8B-Instruct,math500,test/prealgebra/1297.json_path_0,309,SS,21829, Consider,1,0.1076315629861184,-2.229041337966919,1,0.2473247857352687,-1.3970528841018677,0,0.1396932227491503
Llama-3.2-1B-Instruct,Llama-3.1-8B-Instruct,math500,test/prealgebra/1297.json_path_0,309,SS,2758, Add,7,0.0448675107275479,-3.104041337966919,6,0.03347177391906329,-3.397052764892578,-1,-0.011395736808484616
Llama-3.2-1B-Instruct,Llama-3.1-8B-Instruct,math500,test/prealgebra/1297.json_path_0,309,SS,8785, Account,11,0.027213520881243285,-3.604041337966919,2,0.11682797037215749,-2.147052764892578,-9,0.08961444949091421
Llama-3.2-1B-Instruct,Llama-3.1-8B-Instruct,math500,test/prealgebra/1297.json_path_0,309,SS,4452, However,13,0.0211939113724423,-3.854041337966919,8,0.029538736807585196,-3.522052764892578,-5,0.008344825435142898
Llama-3.2-1B-Instruct,Llama-3.1-8B-Instruct,math500,test/prealgebra/1297.json_path_0,338,SS,20,5,2,0.13420668873121092,-2.0083742141723633,2,0.10463302136372601,-2.257296085357666,0,-0.0295736673674849
Llama-3.2-1B-Instruct,Llama-3.1-8B-Instruct,math500,test/prealgebra/1297.json_path_0,338,SS,17,2,8,0.001024680713264007,-6.883374214172363,9,3.09760693351948e-05,-10.382295608520508,1,-0.0009937046439288122
Llama-3.2-1B-Instruct,Llama-3.1-8B-Instruct,math500,test/prealgebra/1297.json_path_0,338,SS,605,10,10,0.0003326651218156735,-8.008374214172363,7,0.00012251273079520283,-9.007295608520508,-3,-0.00021015239102047066
Llama-3.2-1B-Instruct,Llama-3.1-8B-Instruct,math500,test/prealgebra/1297.json_path_0,338,SS,19,4,14,8.411091493821164e-05,-9.383374214172363,15,8.87479245240715e-06,-11.632295608520508,1,-7.52361224858045e-05
Llama-3.2-1B-Instruct,Llama-3.1-8B-Instruct,math500,test/prealgebra/1297.json_path_0,338,SS,868,15,18,4.502132848386644e-05,-10.008374214172363,11,2.1289520353165185e-05,-10.757295608520508,-7,-2.3731808130701253e-05
Llama-3.2-1B-Instruct,Llama-3.1-8B-Instruct,math500,test/prealgebra/1297.json_path_0,338,SS,22,7,19,3.9731182937255753e-05,-10.133374214172363,21,0.0,-1000000000.0,2,-3.9731182937255753e-05
Llama-3.2-1B-Instruct,Llama-3.1-8B-Instruct,math500,test/prealgebra/1297.json_path_0,338,SS,717,12,20,3.0942676383888016e-05,-10.383374214172363,21,0.0,-1000000000.0,1,-3.0942676383888016e-05
Llama-3.2-1B-Instruct,Llama-3.1-8B-Instruct,math500,test/prealgebra/1686.json_path_0,16,AG,6928, positive,1,0.7980120750905326,-0.22563154995441437,1,0.7053582081281207,-0.34904950857162476,0,-0.09265386696241196
Llama-3.2-1B-Instruct,Llama-3.1-8B-Instruct,math500,test/prealgebra/1686.json_path_0,16,AG,9547, factors,2,0.20176904149341804,-1.600631594657898,2,0.29403702971112883,-1.2240495681762695,0,0.09226798821771079
Llama-3.2-1B-Instruct,Llama-3.1-8B-Instruct,math500,test/prealgebra/1686.json_path_0,16,AG,3284, possible,3,3.1972585870952546e-05,-10.350631713867188,6,1.1780681039916365e-05,-11.34904956817627,3,-2.019190483103618e-05
Llama-3.2-1B-Instruct,Llama-3.1-8B-Instruct,math500,test/prealgebra/1686.json_path_0,16,AG,1396, number,4,2.821570799873562e-05,-10.475631713867188,5,1.5126693881143987e-05,-11.09904956817627,1,-1.3089014117591634e-05
Llama-3.2-1B-Instruct,Llama-3.1-8B-Instruct,math500,test/prealgebra/1686.json_path_0,16,AG,8331, factor,5,1.7113691986732144e-05,-10.975631713867188,4,3.628705223087958e-05,-10.22404956817627,-1,1.9173360244147437e-05
Llama-3.2-1B-Instruct,Llama-3.1-8B-Instruct,math500,test/prealgebra/1686.json_path_0,16,AG,1160, list,6,1.5102780170077928e-05,-11.100631713867188,8,7.1453442430045855e-06,-11.84904956817627,2,-7.957435927073343e-06
Llama-3.2-1B-Instruct,Llama-3.1-8B-Instruct,math500,test/prealgebra/1686.json_path_0,16,AG,5219, numbers,6,1.5102780170077928e-05,-11.100631713867188,7,9.174803619001317e-06,-11.59904956817627,1,-5.927976551076611e-06
Llama-3.2-1B-Instruct,Llama-3.1-8B-Instruct,math500,test/prealgebra/1686.json_path_0,16,AG,10461, prime,8,1.332815672050982e-05,-11.225631713867188,3,0.0005009273045148687,-7.5990495681762695,-5,0.00048759914779435886
Llama-3.2-1B-Instruct,Llama-3.1-8B-Instruct,math500,test/prealgebra/1686.json_path_0,16,AG,45003, Positive,8,1.332815672050982e-05,-11.225631713867188,11,1.4070017048006766e-06,-13.47404956817627,3,-1.1921155015709143e-05
Llama-3.2-1B-Instruct,Llama-3.1-8B-Instruct,math500,test/prealgebra/1686.json_path_0,16,AG,2144, fact,11,9.160299220052243e-06,-11.600631713867188,21,0.0,-1000000000.0,10,-9.160299220052243e-06
Llama-3.2-1B-Instruct,Llama-3.1-8B-Instruct,math500,test/prealgebra/1686.json_path_0,16,AG,3512, div,14,4.327018964652284e-06,-12.350631713867188,21,0.0,-1000000000.0,7,-4.327018964652284e-06
Llama-3.2-1B-Instruct,Llama-3.1-8B-Instruct,math500,test/prealgebra/1686.json_path_0,16,AG,68318, Factors,15,3.3698857580360183e-06,-12.600631713867188,13,7.531137424402648e-07,-14.09904956817627,-2,-2.6167720155957537e-06
Llama-3.2-1B-Instruct,Llama-3.1-8B-Instruct,math500,test/prealgebra/1686.json_path_0,16,AG,6300, proper,16,2.9739137435307276e-06,-12.725631713867188,21,0.0,-1000000000.0,5,-2.9739137435307276e-06
Llama-3.2-1B-Instruct,Llama-3.1-8B-Instruct,math500,test/prealgebra/1686.json_path_0,16,AG,74140,_factors,16,2.9739137435307276e-06,-12.725631713867188,21,0.0,-1000000000.0,5,-2.9739137435307276e-06
Llama-3.2-1B-Instruct,Llama-3.1-8B-Instruct,math500,test/prealgebra/1686.json_path_0,16,AG,66160, multiples,20,2.316086352248544e-06,-12.975631713867188,13,7.531137424402648e-07,-14.09904956817627,-7,-1.562972609808279e-06
Llama-3.2-1B-Instruct,Llama-3.1-8B-Instruct,math500,test/prealgebra/1686.json_path_0,97,AG,9547, factors,1,0.9392806058093107,-0.06264100968837738,1,0.9045812532944774,-0.10028314590454102,0,-0.03469935251483336
Llama-3.2-1B-Instruct,Llama-3.1-8B-Instruct,math500,test/prealgebra/1686.json_path_0,97,AG,8331, factor,4,0.00019111386727698165,-8.562641143798828,4,1.1766163224433302e-05,-11.350282669067383,0,-0.00017934770405254833
Llama-3.2-1B-Instruct,Llama-3.1-8B-Instruct,math500,test/prealgebra/1686.json_path_0,97,AG,1396, number,6,2.5864449358374717e-05,-10.562641143798828,17,1.307102665286235e-07,-15.850282669067383,11,-2.5733739091846094e-05
Llama-3.2-1B-Instruct,Llama-3.1-8B-Instruct,math500,test/prealgebra/1686.json_path_0,97,AG,4279, common,7,2.2825296445821815e-05,-10.687641143798828,21,0.0,-1000000000.0,14,-2.2825296445821815e-05
Llama-3.2-1B-Instruct,Llama-3.1-8B-Instruct,math500,test/prealgebra/1686.json_path_0,97,AG,10461, prime,12,3.966441773815886e-06,-12.437641143798828,8,5.169691325941033e-07,-14.475282669067383,-4,-3.449472641221783e-06
Llama-3.2-1B-Instruct,Llama-3.1-8B-Instruct,math500,test/prealgebra/1686.json_path_0,97,AG,5016, unique,13,3.500372579674668e-06,-12.562641143798828,21,0.0,-1000000000.0,8,-3.500372579674668e-06
Llama-3.2-1B-Instruct,Llama-3.1-8B-Instruct,math500,test/prealgebra/1730.json_path_0,176,AG,7184,Now,1,0.5340645476147164,-0.6272385716438293,2,0.25385411647597406,-1.3709955215454102,1,-0.2802104311387424
Llama-3.2-1B-Instruct,Llama-3.1-8B-Instruct,math500,test/prealgebra/1730.json_path_0,176,AG,2028,This,4,0.043838690269016614,-3.1272385120391846,11,0.00868641019147833,-4.74599552154541,7,-0.03515228007753828
Llama-3.2-1B-Instruct,Llama-3.1-8B-Instruct,math500,test/prealgebra/1730.json_path_0,176,AG,17873,Fact,5,0.034141606310334915,-3.3772385120391846,12,0.007665730088558889,-4.87099552154541,7,-0.026475876221776027
Llama-3.2-1B-Instruct,Llama-3.1-8B-Instruct,math500,test/prealgebra/1730.json_path_0,176,AG,87,x,9,0.005932920149760939,-5.127238750457764,5,0.04411323088115863,-3.12099552154541,-4,0.03818031073139769
Llama-3.2-1B-Instruct,Llama-3.1-8B-Instruct,math500,test/prealgebra/1730.json_path_0,176,AG,2120,(x,11,0.003175663314650142,-5.752238750457764,13,0.0041031696378430365,-5.49599552154541,2,0.0009275063231928946
Llama-3.2-1B-Instruct,Llama-3.1-8B-Instruct,math500,test/prealgebra/1730.json_path_0,176,AG,31485,Again,14,0.0021825993492088445,-6.127238750457764,21,0.0,-1000000000.0,7,-0.0021825993492088445
Llama-3.2-1B-Instruct,Llama-3.1-8B-Instruct,math500,test/prealgebra/1730.json_path_0,176,AG,1383,By,16,0.0016998100822949865,-6.377238750457764,14,0.0021962684418076117,-6.12099552154541,-2,0.0004964583595126252
Llama-3.2-1B-Instruct,Llama-3.1-8B-Instruct,math500,test/prealgebra/1730.json_path_0,176,AG,8193,Exp,18,0.001500077132607392,-6.502238750457764,19,0.0013321041469156081,-6.62099552154541,1,-0.0001679729856917838
Llama-3.2-1B-Instruct,Llama-3.1-8B-Instruct,math500,test/prealgebra/1730.json_path_0,254,SS,11,",",3,0.062443460305275054,-2.773493766784668,5,0.03998298766330381,-3.219301223754883,2,-0.022460472641971242
Llama-3.2-1B-Instruct,Llama-3.1-8B-Instruct,math500,test/prealgebra/1730.json_path_0,254,SS,477, or,9,0.0005402417859894019,-7.523493766784668,9,0.00044417087154022695,-7.719301223754883,0,-9.607091444917499e-05
Llama-3.2-1B-Instruct,Llama-3.1-8B-Instruct,math500,test/prealgebra/1730.json_path_0,254,SS,1473,":

",10,0.0001987438463272431,-8.523493766784668,21,0.0,-1000000000.0,11,-0.0001987438463272431
Llama-3.2-1B-Instruct,Llama-3.1-8B-Instruct,math500,test/prealgebra/1730.json_path_0,254,SS,369, for,11,0.000120544236226689,-9.023493766784668,10,0.0003459206225730371,-7.969301223754883,-1,0.00022537638634634812
Llama-3.2-1B-Instruct,Llama-3.1-8B-Instruct,math500,test/prealgebra/1730.json_path_0,254,SS,374, is,14,7.31137751231292e-05,-9.523493766784668,17,1.5198691432959301e-05,-11.094301223754883,3,-5.7915083690169903e-05
Llama-3.2-1B-Instruct,Llama-3.1-8B-Instruct,math500,test/prealgebra/1730.json_path_0,254,SS,482, -,16,4.4345746259512684e-05,-10.023493766784668,12,9.910791770003849e-05,-9.219301223754883,-4,5.4762171440525806e-05
Llama-3.2-1B-Instruct,Llama-3.1-8B-Instruct,math500,test/prealgebra/1730.json_path_0,254,SS,25,:,17,3.45365019127943e-05,-10.273493766784668,21,0.0,-1000000000.0,4,-3.45365019127943e-05
Llama-3.2-1B-Instruct,Llama-3.1-8B-Instruct,math500,test/prealgebra/1730.json_path_0,254,SS,26,;,18,3.0478355964147923e-05,-10.398493766784668,21,0.0,-1000000000.0,3,-3.0478355964147923e-05
Llama-3.2-1B-Instruct,Llama-3.1-8B-Instruct,math500,test/prealgebra/1807.json_path_0,121,SS,379, y,2,0.43422168332943545,-0.8342000842094421,2,0.007565742737009514,-4.884124755859375,0,-0.42665594059242595
Llama-3.2-1B-Instruct,Llama-3.1-8B-Instruct,math500,test/prealgebra/1807.json_path_0,121,SS,865, x,4,0.0033153240569182988,-5.709199905395508,5,6.088402926582096e-06,-12.009124755859375,1,-0.0033092356539917165
Llama-3.2-1B-Instruct,Llama-3.1-8B-Instruct,math500,test/prealgebra/1807.json_path_0,121,SS,31884, xy,5,7.2522419284068285e-06,-11.834199905395508,11,1.622504422134379e-07,-15.634124755859375,6,-7.089991486193391e-06
Llama-3.2-1B-Instruct,Llama-3.1-8B-Instruct,math500,test/prealgebra/1807.json_path_0,121,SS,1167, z,12,2.077802100479152e-06,-13.084199905395508,6,3.2267353388616033e-07,-14.946624755859375,-6,-1.7551285665929917e-06
Llama-3.2-1B-Instruct,Llama-3.1-8B-Instruct,math500,test/prealgebra/1807.json_path_0,121,SS,7166,(y,15,1.4280511071086834e-06,-13.459199905395508,21,0.0,-1000000000.0,6,-1.4280511071086834e-06
Llama-3.2-1B-Instruct,Llama-3.1-8B-Instruct,math500,test/prealgebra/1807.json_path_0,121,SS,122371, √,15,1.4280511071086834e-06,-13.459199905395508,21,0.0,-1000000000.0,6,-1.4280511071086834e-06
Llama-3.2-1B-Instruct,Llama-3.1-8B-Instruct,math500,test/prealgebra/192.json_path_0,51,SS,11964, Equ,3,0.08455745460988684,-2.4703240394592285,2,0.17123240477931412,-1.7647335529327393,-1,0.08667495016942728
Llama-3.2-1B-Instruct,Llama-3.1-8B-Instruct,math500,test/prealgebra/192.json_path_0,51,SS,64002, Divide,4,0.07462169178366265,-2.5953240394592285,6,0.055591022703308006,-2.8897335529327393,2,-0.019030669080354647
Llama-3.2-1B-Instruct,Llama-3.1-8B-Instruct,math500,test/prealgebra/192.json_path_0,51,SS,17855, Express,9,0.018867318388847636,-3.9703240394592285,15,0.0040270011380249635,-5.51473331451416,6,-0.014840317250822672
Llama-3.2-1B-Instruct,Llama-3.1-8B-Instruct,math500,test/prealgebra/192.json_path_0,51,SS,5560, Use,10,0.01665035003823542,-4.0953240394592285,13,0.012404036755956579,-4.38973331451416,3,-0.004246313282278841
Llama-3.2-1B-Instruct,Llama-3.1-8B-Instruct,math500,test/prealgebra/192.json_path_0,51,SS,21194, Apply,16,0.0022533798384133355,-6.0953240394592285,21,0.0,-1000000000.0,5,-0.0022533798384133355
Llama-3.2-1B-Instruct,Llama-3.1-8B-Instruct,math500,test/prealgebra/192.json_path_0,51,SS,47912, Combine,16,0.0022533798384133355,-6.0953240394592285,21,0.0,-1000000000.0,5,-0.0022533798384133355
Llama-3.2-1B-Instruct,Llama-3.1-8B-Instruct,math500,test/prealgebra/192.json_path_0,51,SS,94310, Subtract,16,0.0022533798384133355,-6.0953240394592285,21,0.0,-1000000000.0,5,-0.0022533798384133355
Llama-3.2-1B-Instruct,Llama-3.1-8B-Instruct,math500,test/prealgebra/65.json_path_0,72,SS,2736, already,2,0.1730745297460428,-1.7540329694747925,1,0.3483740063855133,-1.054478645324707,-1,0.17529947663947051
Llama-3.2-1B-Instruct,Llama-3.1-8B-Instruct,math500,test/precalculus/285.json_path_0,353,SS,220, ,3,0.10185981711409478,-2.2841577529907227,4,0.04784073089549855,-3.0398778915405273,1,-0.05401908621859623
Llama-3.2-1B-Instruct,Llama-3.1-8B-Instruct,math500,test/precalculus/285.json_path_0,353,SS,2694, sum,6,0.013785227199565587,-4.284157752990723,21,0.0,-1000000000.0,15,-0.013785227199565587
